Age,GENDER,MARITAL STATUS,NO. OF MEMBERS IN YOUR FAMILY ?,ARE YOU THE PRIMARY EARNER OF YOUR FAMILY ?,Relation with primary earner ?,WHAT IS YOUR HIGHEST EDUCATIONAL QUALIFICATION?,SKILL 1,RATING OF SKILL SET 1 (out of  10),HOW MANY YEARS HAVE YOU BEEN ASSOCIATED WITH SKILL 1 ?,SKILL 2,RATING OF SKILL SET 2 (out of  10),HOW MANY YEARS HAVE YOU BEEN ASSOCIATED WITH SKILL 2 ?,SKILL 3,RATING OF SKILL SET 3 (out of  10),HOW MANY YEARS HAVE YOU BEEN ASSOCIATED WITH SKILL 3 ?,DO YOU HAVE ANY CERTIFICATION OF THE ABOVE-MENTIONED SKILL SET?,"OWNERSHIP ( includes Land,machine)",MONTHLY FAMILY INCOME,MONTHLY FAMILY EXPENDITURE,target
40,M,Y,4,Y,None,HSLC,Agriculture,9,28,Business,9,8,Agriculture,8,3,No,"Land,machine",13000,30000,1
32,M,Y,5,N,None,HSLC,Agriculture,9,8,Vegetable Vendor,9,7,No skill,0,0,No,Land,13000,28000,0
72,F,Y,4,N,None,HS,Agriculture,8,14,Dairy Farm,9,4,No skill,0,0,No,Land,11000,11000,0
41,M,Y,3,Y,None,Class VI,Agriculture,9,15,Bamboo plantation,8,8,No skill,0,0,No,Land,16000,7000,1
47,F,Y,3,Y,Father ,BA,Agriculture,9,15,Bamboo plantation,7,15,No skill,0,0,No,"Land,pond",10000,10000,1
67,M,N,4,Y,None,HSLC,Agriculture,9,28,Parmanent Labour,6,4,Handicraft,7,5,No,Land,19000,45000,1
45,M,Y,3,Y,Husband ,MCA,Agriculture,9,9,Beetlenut Plantation,9,7,No skill,0,0,No,Land,16000,8000,1
57,M,Y,4,Y,None,BA,Agriculture,9,32,Agriculture,9,15,No skill,0,0,No,Land,19000,9000,1
38,F,Y,7,N,None,HSLC,Agriculture,9,20,Medical Plant,7,7,No skill,0,0,No,"Land,pond, machines",18000,8000,0
23,M,Y,3,N,None,HS,Agriculture,9,15,Beetlenut Plantation,8,4,Fishery,7,6,No,Land,18000,35000,0
54,M,N,3,Y,Son,HS,Agriculture,9,20,Vegetable Vendor,9,8,Pig Farming,6,1.5,No,Land,11000,13000,1
58,M,Y,7,Y,None,HS,Agriculture,8,4,Bamboo plantation,9,20,Beetlenut Plantation,4,1.5,No,"Land,vehicle",20000,18000,0
33,M,Y,3,Y,None,HS,Agriculture,9,3,Business,8,6,Chicken Farming,9,20,No,Land,15000,8000,0
38,M,Y,4,Y,Wife,HSLC,Agriculture,9,5,Chicken farming,9,18,No skill,0,0,No,Land,16000,9000,0
69,F,Y,7,Y,None,BA,Agriculture,9,20,Beetlenut Plantation,9,8,No skill,0,0,No,"Land,machine",10000,9000,1
27,F,Y,5,Y,Son,HS,Agriculture,9,20,Fishery,8,4,Agriculture,4,15,No,Land,12000,8000,1
36,F,Y,5,Y,None,BA,Agriculture,9,12,Beetlenut Plantation,9,3,Bamboo plantation,9,1.5,No,"Land,pond",13000,12000,1
30,M,Y,3,Y,None,HSLC,Agriculture,7,3,Bamboo plantation,8,2,Business,9,1.5,No,Land,18000,10000,0
23,M,Y,4,Y,Husband,Class IV,Agriculture,9,4,Beetlenut Plantation,8,12,Fishery,8,3,Yes,Land,11000,28000,0
41,M,Y,4,Y,None,HSLC,Agriculture,9,20,Sericulture,8,5,e-rikshaw driver(owner),6,25,Yes,Land,15000,6000,1
40,F,Y,3,N,None,Class V,Agriculture,9,15,Vegetable Vendor,9,5,No skill,0,0,Yes,Land,18000,10000,0
36,M,Y,9,Y,Father,HS,Beetlenut Plantation,9,2,Rubber Plantation,9,12,Bamboo plantation,4,5,No,Land,18000,9000,0
67,M,Y,6,N,Father,BA,Folding hotel ,9,4,Agriculture,9,15,Contractor,9,1.5,No,Land,35000,8000,0
48,M,Y,5,N,Husband,BA,Agriculture,9,18,Business,9,7,No skill,0,0,No,Land,18000,9000,0
52,M,Y,4,Y,Father ,HSLC,Agriculture,9,12,Beetlenut Plantation,9,7,No skill,0,0,No,No ownership,45000,18000,1
34,M,Y,4,N,None,HSLC,Beetlenut Plantation,6,15,Fishery,8,5,Bamboo plantation,9,1.5,No,Land,12000,32000,0
47,M,Y,3,Y,None,PhD,Agriculture,9,25,Business,8,7,Chicken Farming,4,2,No,Land,15000,11000,1
72,F,Y,6,N,None,HS,Agriculture,7,10,No skill,0,0,Bamboo plantation,4,1.5,No,Land,15000,8000,0
64,F,Y,3,N,None,HS,Agriculture,9,20,Medical Plant,6,2,No skill,0,0,No,Land,18000,7000,0
50,M,N,3,Y,None,HS,Pig Farming,9,5,Beetlenut Plantation,9,12,No skill,0,0,No,Land,11000,7000,0
48,M,Y,4,N,Son,Class VII,Agriculture,9,20,Business,9,5,No skill,0,0,No,No ownership,18000,12000,0
64,M,N,4,N,None,BA,Agriculture,9,12,Bamboo plantation,8,8,Handicraft,7,1.5,No,Land,36000,5000,0
48,M,Y,4,N,None,HS,Agriculture,9,1,Beetlenut Plantation,7,12,Business,4,1.5,No,Land,55000,10000,0
54,M,Y,4,Y,None,HSLC,Agriculture,9,7,Dairy Farm,9,14,Business,9,10,No,Land,16000,35000,1
54,F,Y,5,Y,None,HSLC,Agriculture,9,15,Fishery,9,6,No skill,0,0,No,Land,11000,32000,1
41,M,Y,5,Y,None,HSLC,Beetlenut Plantation,9,5,Business,8,7,No skill,0,0,Yes,"Land,pond",26000,9000,0
40,M,Y,4,Y,None,HS,Agriculture,9,15,Fishery,8,15,No skill,0,0,No,Land,13000,8000,1
30,F,Y,3,Y,None,HS,Agriculture,9,4,Business,9,7,Fishery,9,6,Yes,Land,18000,10000,0
44,M,Y,6,N,Father,Class VI,Agriculture,9,30,Dairy Farm,7,2,No skill,0,0,No,Land,12000,9000,0
36,M,Y,4,Y,Father,HS,Folding hotel ,9,11,Bamboo plantation,6,7,Beetlenut Plantation,8,15,No,Land,42000,35000,1
45,F,Y,6,N,None,BA,Agriculture,8,18,Pig Farming,9,25,Handicraft,9,6,No,Land,36000,18000,0
38,M,Y,5,Y,None,HS,Pig Farming,9,35,Vegetable Vendor,6,18,No skill,0,0,No,Land,18000,9000,1
27,M,Y,4,Y,None,HSLC,Agriculture,9,9,Beetlenut Plantation,9,18,No skill,0,0,No,Land,16000,11000,1
64,M,Y,9,Y,Wife,HSLC,Agriculture,9,15,E-Rickshaw,8,12,No skill,0,0,No,Land,13000,6000,1
69,M,Y,4,Y,None,HSLC,Agriculture,7,7,Rubber Plantation,8,6,Business,9,1.5,No,Land,13000,10000,1
35,M,Y,3,N,Father,HSLC,Agriculture,9,8,Medical Plant,9,8,No skill,0,0,No,Land,125000,10000,0
47,F,Y,5,Y,None,HS,Agriculture,9,2,Medical Plant,9,7,No skill,0,0,Yes,Land,18000,18000,0
33,F,Y,5,N,None,BA,Agriculture,9,15,Business,9,4,Handicraft,4,1.5,No,Land,16000,10000,0
40,M,N,9,Y,Father ,HSLC,Agriculture,9,20,Beetlenut Plantation,8,8,No skill,0,0,No,Land,10000,8000,1
60,M,Y,4,Y,None,Class IX,Agriculture,9,15,Business,9,8,Referee trainee for football,9,2,No,Land,10000,8000,1
54,M,Y,4,Y,None,Class VII,Agriculture,9,3,Rubber Plantation,9,9,Handicraft,9,12,No,Land,30000,6000,0
40,M,N,4,Y,None,HS,Agriculture,9,8,Agriculture,8,7,No skill,0,0,No,Land,18000,12000,1
29,F,Y,3,Y,None,BA,Agriculture,9,15,Beetlenut Plantation,9,8,No skill,0,0,No,Land,20000,13000,1
30,M,Y,3,Y,None,HS,Agriculture,9,18,Rubber Plantation,9,2,Pig Farming,9,6,Yes,Land,20000,8000,1
52,F,Y,3,Y,Wife,HS,Business,9,12,Beetlenut Plantation,9,7,No skill,0,0,No,Land,11000,22000,1
38,M,Y,4,N,None,BA,Agriculture,9,12,Agriculture,5,8,No skill,0,0,No,Land,10000,13000,0
28,F,N,6,Y,None,HSLC,Agriculture,9,12,No skill,0,0,No skill,0,0,No,Land,15000,8000,1
40,M,Y,4,Y,None,HSLC,Agriculture,9,7,Beetlenut Plantation,8,4,No skill,0,0,No,Land,48000,10000,1
39,F,Y,9,N,None,HSLC,Agriculture,9,15,Rubber Plantation,9,5,No skill,0,0,No,Land,35000,12000,0
48,F,N,3,Y,None,HSLC,Agriculture,7,18,Pig Farming,8,12,Handicraft,8,3,No,Land,25000,10000,1
55,M,Y,3,Y,None,Class VI,Agriculture,9,19,Agriculture,6,6,No skill,0,0,No,Land,14500,11000,1
48,M,Y,4,N,None,HS,Agriculture,9,8,Rubber Plantation,9,3,Fishery,4,1.5,No,Land,12000,10000,0
32,F,Y,2,N,None,Class VII,Business,9,12,Business,9,6,Fishery,9,2,No,Land,28000,10000,0
38,F,Y,5,Y,Father,Class VII,Agriculture,8,25,Agriculture,8,9,No skill,0,0,No,Land,35000,8000,1
64,F,Y,3,Y,None,HSLC,Agriculture,9,25,Business,7,15,No skill,0,0,No,Land,10000,6000,1
68,M,Y,4,Y,Husband,HSLC,Sericulture,9,2,Business,6,9,No skill,0,0,No,Land,13000,9000,0
47,F,Y,3,Y,None,HSLC,Agriculture,9,30,Agriculture,9,5,Handicraft,9,12,No,Land,14000,11000,1
44,F,Y,4,N,None,Class VI,Agriculture,9,18,Bamboo plantation,9,12,No skill,0,0,No,No ownership,19000,10000,1
33,F,Y,5,Y,Father ,HSLC,Agriculture,9,7,Vegetable Vendor,9,15,No skill,0,0,No,Land,11000,10000,1
45,M,Y,4,Y,None,HS,Agriculture,9,30,Beetlenut Plantation,8,12,Business,4,12,No,"Land,pond",14000,18000,1
26,F,Y,3,N,None,BSc,Agriculture,9,20,Medical Plant,8,8,Fishery,8,25,Yes,Land,18000,8000,0
40,F,Y,5,Y,Son,HS,Agriculture,9,15,No skill,0,0,No skill,0,0,No,No ownership,10000,7000,1
29,F,N,4,N,Son,HS,Agriculture,9,20,Beetlenut Plantation,7,8,Agriculture,4,5,No,Land,125000,30000,0
27,F,Y,3,Y,None,HSLC,Agriculture,8,4,Handicraft,8,6,Horticulture,9,7,No,Land,20000,10000,0
29,F,Y,4,Y,Husband,Class V,Shop ,9,9,banana plantation,8,15,No skill,0,0,No,Land,10000,9000,1
43,M,Y,4,Y,None,HSLC,Agriculture,9,5,Rubber Plantation,8,15,No skill,0,0,Yes,Land,12000,10000,0
38,M,Y,4,Y,None,Class VI,Medical plant research,9,42,Business,9,8,Chicken Farming,9,6,No,Land,40000,8000,1
54,F,Y,5,Y,None,Class VIII,Agriculture,9,20,Business,8,3,No skill,0,0,No,Land,10000,10000,1
43,F,Y,3,Y,Husband,HSLC,Agriculture,8,5,Agriculture,8,6,No skill,0,0,Yes,Land,28000,8000,0
44,F,Y,5,N,None,HSLC,Pig Farming,9,15,Dairy Farm,8,7,Horticulture,9,2,No,Land,20000,6000,0
55,M,Y,4,N,Father ,Class III,Agriculture,9,18,Dairy Farm,8,10,Fishery,6,3,No,No ownership,48000,7000,0
38,F,Y,3,Y,Husband,HSLC,Agriculture,9,15,E-Rickshaw,8,7,No skill,0,0,Yes,Land,12000,9000,1
52,F,Y,4,Y,None,HSLC,Agriculture,8,21,Beetlenut Plantation,8,6,Beetlenut Plantation,9,12,No,Land,15000,28000,1
48,M,Y,4,Y,None,HSLC,Agriculture,8,15,Business,8,18,Chicken Farming,8,1.5,No,Land,18000,6000,1
27,M,Y,6,Y,None,BA,Agriculture,9,5,Beetlenut Plantation,9,7,No skill,0,0,No,Land,30000,30000,0
28,M,Y,8,Y,None,Class VIII,Agriculture,9,50,Medical Plant,463,2,No skill,0,0,No,Land,18000,7000,1
26,F,Y,4,Y,None,BSc,Agriculture,9,7,Vegetable Vendor,8,14,No skill,0,0,No,"Land,machine",11000,9000,1
68,M,Y,3,Y,Son,HSLC,Agriculture,9,12,No skill,0,0,Fishery,9,6,No,Land,12000,7000,1
32,M,Y,3,Y,None,Class v,Agriculture,9,15,No skill,0,0,No skill,0,0,No,Land,15000,10000,1
32,M,Y,4,Y,Husband,MSc,Agriculture,9,20,Beetlenut Plantation,8,4,Bamboo plantation,8,10,No,Land,10000,9000,1
70,M,Y,3,N,None,HSLC,Agriculture,9,18,Agriculture,9,14,No skill,0,0,No,Land,12000,8000,1
44,M,Y,4,Y,None,HSLC,Agriculture,9,20,Beetlenut Plantation,9,10,Beetlenut Plantation,9,3,No,Land,20000,8000,1
23,F,Y,4,Y,None,HSLC,Agriculture,9,11,banana plantation,7,7,No skill,0,0,No,"Land,pond",10000,9000,1
69,M,Y,4,N,Father ,Class VII,Agriculture,9,10,Business,6,8,No skill,0,0,No,No ownership,14000,20000,0
44,F,N,4,N,None,HS,Agriculture,9,5,Vegetable Vendor,9,4,No skill,0,0,No,Land,16000,6000,0
53,M,Y,4,N,None,HSLC,Agriculture,9,18,Business,8,8,Agriculture,9,20,Yes,Land,10000,9000,0
26,M,Y,5,Y,None,HS,Agriculture,9,35,Vegetable Vendor,8,15,Chicken Farming,6,2,No,"Land,pond, machines",16000,8000,1
43,M,Y,5,Y,None,Class VII,Agriculture,9,12,Beetlenut Plantation,8,12,Fishery,4,6,No,Land,16000,10000,1
29,M,Y,3,Y,None,Class VII,Agriculture,9,32,Agriculture,9,16,Beetlenut Plantation,8,1.5,No,Land,65000,7000,1
45,F,N,3,Y,None,HS,Agriculture,9,5,Rice Mill,9,18,No skill,0,0,No,Land,15000,6000,0
54,F,Y,3,Y,None,HS,Agriculture,9,20,Beetlenut Plantation,9,10,Store of traditional dresses,4,5,No,Land,20000,10000,1
40,M,Y,3,Y,None,HSLC,Beetlenut Plantation,9,3,Beetlenut Plantation,8,18,No skill,0,0,No,No ownership,35000,6000,0
33,M,Y,2,Y,None,HS,Agriculture,0,20,Lemon Cultivation,9,6,Handicraft,4,2,No,Land,11000,20000,0
40,M,Y,4,Y,Son,MSc,Agriculture,7,8,Fishery,9,15,No skill,0,0,No,Land,15000,15000,1
42,F,Y,5,N,Son,BA,Agriculture,9,3,Business,9,7,No skill,0,0,No,Land,30000,7000,0
39,M,Y,4,Y,None,Class VII,Pig Farming,9,18,Beetlenut Plantation,9,12,No skill,0,0,No,Land,15000,8000,1
48,F,Y,6,N,None,BA,Agriculture,9,5,Business,9,14,No skill,0,0,No,"Land,pond",56000,5000,0
66,M,Y,4,N,Husband,MCA,Agriculture,9,25,Fishery,9,8,No skill,0,0,No,Land,14000,12000,0
45,M,Y,3,Y,Father,MCA,Agriculture,8,1,Business,9,7,No skill,0,0,No,Land,35000,7000,0
40,M,Y,5,N,None,HSLC,Fishery,9,20,Bamboo plantation,8,5,Agriculture,4,3,No,Land,10000,9000,0
28,M,Y,3,N,None,Class v,Agriculture,7,25,Business,5,7,No skill,0,0,No,Land,10000,8000,0
29,M,Y,4,Y,Father,HS,Agriculture,7,8,Beetlenut Plantation,9,15,No skill,0,0,Yes,Land,15000,18000,1
40,M,Y,3,N,None,HS,Agriculture,9,1,Beetlenut Plantation,9,15,No skill,0,0,No,Land,12000,30000,0
54,M,Y,3,N,None,HS,Agriculture,0,5,Rubber Plantation,9,5,No skill,0,0,No,Land,18000,7000,0
54,M,Y,4,Y,None,HS,Agriculture,9,1,Business,9,15,No skill,0,0,No,Land,13000,9000,0
47,F,N,9,N,Wife,Class VII,Agriculture,9,2,Fishery,9,10,No skill,0,0,No,Land,16000,9000,0
54,M,Y,3,Y,Wife,HSLC,Agriculture,9,4,Agriculture,7,5,Chicken Farming,8,2,Yes,Land,11000,8000,0
44,M,Y,5,Y,Father,HSLC,Tea Plantation ,9,2,Beetlenut Plantation,8,4,No skill,0,0,No,Land,12000,18000,0
39,M,N,4,N,Son,HS,Agriculture,9,8,Agriculture,9,3,Pig Farming,8,5,No,Land,28000,6000,0
50,F,Y,4,N,None,HSLC,Agriculture,9,25,Business,8,12,Fishery,4,3,No,"Land,pond",19000,10000,0
37,M,Y,4,Y,None,HSLC,Agriculture,9,3,Beetlenut Plantation,9,5,No skill,0,0,Yes,Land,18000,18000,0
35,M,Y,3,Y,None,HSLC,Agriculture,7,21,Beetlenut Plantation,9,25,Store of traditional dresses,4,25,No,Land,20000,10000,1
39,M,Y,4,N,None,HSLC,Folding hotel ,6,18,Beetlenut Plantation,9,8,No skill,0,0,No,Land,13000,6000,0
64,M,Y,3,Y,Husband,HS,Agriculture,9,3,Beetlenut Plantation,9,4,Chicken Farming,4,5,No,Land,35000,7000,0
51,M,Y,5,Y,None,BA ,Agriculture,7,8,Pig Farming,8,3,shop,9,1.5,No,Land,16000,12000,0
38,F,Y,3,N,None,HSLC,Agriculture,9,12,Beetlenut Plantation,8,15,Business,4,9,No,Land,15000,5000,0
29,M,Y,2,Y,None,HS,Agriculture,6,5,Medical Plant,8,20,No skill,0,0,Yes,Land,26000,8000,0
41,F,Y,3,Y,None,HS,Agriculture,8,8,Bamboo plantation,8,15,No skill,0,0,No,Land,14500,15000,1
30,M,N,3,Y,None,MSc,Agriculture,9,1,Fishery,9,7,No skill,0,0,Yes,No ownership,11000,12000,0
50,F,Y,4,Y,Son,BA,Agriculture,9,7,Rice Mill,7,4,No skill,0,0,No,Land,14000,10000,1
44,M,Y,3,N,None,BA,Agriculture,8,13,Medical Plant,7,25,Chicken Farming,4,2,No,Land,28000,7000,0
43,M,Y,5,Y,Husband,HS,Agriculture,9,9,Agriculture,9,20,Contractor,8,1.5,Yes,"Land,pond",16000,12000,1
37,M,Y,6,Y,None,Class VII,Agriculture,9,15,E-Rickshaw,9,7,No skill,0,0,No,Land,28000,9000,1
42,F,Y,6,Y,Mother ,BA,Agriculture,9,2,Beetlenut Plantation,9,12,No skill,0,0,No,Land,12000,9000,0
38,M,Y,5,N,None,Class IV,Agriculture,9,20,Bamboo plantation,8,8,Beetlenut Plantation,8,10,No,Land,15000,12000,0
35,M,Y,5,Y,Father ,HSLC,Agriculture,9,12,Fishery,9,20,Contractor,7,3,No,Land,15000,8000,1
32,M,Y,5,Y,None,HS,Agriculture,7,10,Beetlenut Plantation,8,7,Fishery,8,5,No,Land,15000,30000,1
45,M,Y,2,N,None,HSLC,Agriculture,9,15,Vegetable Vendor,9,9,No skill,0,0,No,Land,14000,30000,1
44,M,Y,5,Y,Husband ,HS,Agriculture,8,5,Beetlenut Plantation,8,7,No skill,0,0,No,Land,20000,8000,0
27,F,Y,4,Y,None,Class VIII,Business,9,15,Bamboo plantation,6,4,Business,6,7,No,No ownership,20000,7000,1
38,M,Y,4,Y,None,BA,Agriculture,9,2,Agriculture,9,9,No skill,0,0,No,"Land,machine",16000,13000,0
27,M,Y,4,N,Father ,BA,Agriculture,9,4,Business,8,10,No skill,0,0,No,Land,15000,30000,0
49,M,Y,3,N,Father,HSLC,Agriculture,9,15,Business,9,8,No skill,0,0,No,Land,11000,9000,0
32,M,Y,2,Y,None,HS,Agriculture,9,15,Beetlenut Plantation,9,6,Beetlenut Plantation,4,9,No,No ownership,10000,5000,1
50,M,N,5,Y,None,HSLC,Agriculture,9,8,Fishery,9,12,Bamboo plantation,4,9,Yes,Land,15000,28000,1
42,M,N,6,Y,None,Class IX,Agriculture,7,15,Fishery,7,4,Horticulture,4,8,No,Land,16000,8000,1
67,M,Y,3,Y,Son,PhD,Business,9,20,Medical Plant,8,15,No skill,0,0,No,Land,11000,8000,1
37,M,Y,5,N,Husband,Class VIII,Agriculture,9,12,Pig Farming,6,5,Beetlenut Plantation,6,1.5,No,Land,15000,8000,0
29,M,Y,3,N,Son,BCom,Agriculture,9,2,Beetlenut Plantation,8,3,No skill,0,0,No,"Land,machine",18000,10000,0
39,M,Y,4,Y,None,MSc,Agriculture,9,11,No skill,0,0,No skill,0,0,No,"Land,pond",16000,30000,1
42,M,N,3,Y,None,BA ,Agriculture,9,32,small Business,8,7,Beetlenut Plantation,8,5,Yes,No ownership,14000,6000,1
50,M,Y,5,Y,None,HSLC,Agriculture,9,15,Agriculture,8,7,Chicken Farming,9,6,No,Land,11000,22000,1
54,M,Y,3,Y,None,HS,Agriculture,9,3,Business,8,10,No skill,0,0,Yes,"Land,machine",12000,11000,0
50,M,Y,7,Y,Father ,BA,Folding hotel ,9,4,Dairy Farm,8,4,Business,9,9,No,Land,25000,7000,0
36,M,Y,4,Y,Son,Class IX,Strawberry Cultivation,9,12,Business,7,3,Chicken Farming,9,12,No,Land,18000,25000,1
56,F,Y,3,N,None,HS,Agriculture,7,7,Business,9,6,No skill,0,0,No,Land,16000,8000,0
36,M,Y,5,Y,None,HSLC,Agriculture,9,3,E-Rickshaw,8,12,Fishery,4,1.5,No,Land,12000,8000,0
30,M,Y,3,Y,None,HSLC,Agriculture,9,25,Vegetable Vendor,7,6,Pig Farming,9,25,No,No ownership,15000,6000,1
28,M,Y,3,Y,None,BA,Beetlenut Plantation,7,20,Fishery,8,15,No skill,0,0,No,Land,10000,9000,1
27,F,Y,4,Y,Husband,HSLC,Agriculture,9,15,Beetlenut Plantation,9,6,No skill,0,0,No,Land,10000,9000,1
37,M,Y,2,N,None,HSLC,Agriculture,9,12,E-Rickshaw,9,16,Referee trainee for football,4,21,No,Land,18000,7000,1
48,M,Y,8,Y,None,HSLC,Agriculture,8,38,Beetlenut Plantation,9,15,Handicraft,6,5,No,"Land,machine",16000,8000,1
27,F,Y,3,Y,None,HS,Agriculture,8,5,Business,8,12,Chicken Farming,9,7,No,Land,12000,32000,0
41,F,Y,4,Y,None,HSLC,Agriculture,9,25,Business,9,15,No skill,0,0,No,Land ,30000,45000,1
40,F,Y,3,N,None,Class v,Agriculture,9,15,Beetlenut Plantation,9,4,Agriculture,4,6,No,Land,13000,5000,0
28,M,Y,7,Y,None,HSLC,Agriculture,9,7,Pig Farming,7,25,No skill,0,0,No,Land,20000,18000,1
29,M,Y,3,Y,None,HSLC,Agriculture,7,18,Bamboo plantation,6,6,No skill,0,0,No,Land,9000,35000,1
48,F,N,3,Y,Son,HS,Agriculture,8,8,Business,9,8,No skill,0,0,No,Land,14000,8000,1
54,F,Y,5,Y,None,Class v,Agriculture,9,15,Chicken farming,9,16,No skill,0,0,No,Land,10000,9000,1
40,M,N,4,N,None,HS,Agriculture,9,12,Fishery,9,10,No skill,0,0,No,Land,11000,8000,1
43,F,Y,4,Y,None,BA,Fishery,9,12,Beetlenut Plantation,6,15,Bamboo plantation,6,5,No,Land,26000,9000,1
38,M,Y,3,Y,None,HS,Agriculture,9,7,Agriculture,6,15,No skill,0,0,No,Land,12000,28000,1
44,M,Y,6,N,Father,BA ,Agriculture,7,5,Vegetable Vendor,9,15,Pig Farming,4,15,No,"Land,machine",15000,10000,0
40,M,N,4,Y,None,HSLC,Agriculture,9,7,Rice Mill,11.92857143,25,No skill,0,0,No,Land,12000,30000,0
34,M,Y,5,N,None,HS,Agriculture,9,30,Pig Farming,9,7,Fishery,9,25,No,Land,14000,32000,0
32,M,Y,4,N,None,HSLC,Agriculture,9,7,Dairy Farm,9,12,Horticulture,9,1.5,No,Land,48000,10000,0
37,M,Y,4,Y,None,BA,Agriculture,7,32,Beetlenut Plantation,7,7,Bamboo plantation,4,6,No,Land,11000,6000,1
39,M,Y,3,Y,None,HS,Agriculture,9,14,Business,8,5,Beetlenut Plantation,6,5,No,Land,11000,8000,1
44,M,Y,5,N,None,BA,Agriculture,9,7,Handicraft,8,8,No skill,0,0,No,Land,35000,40000,0
36,M,Y,4,Y,Wife,Class IV,Folding hotel ,9,42,Beetlenut Plantation,9,8,Business,9,3,No,Land,14000,20000,1
30,M,Y,6,Y,None,Class VIII,Pig Farming,9,32,Beetlenut Plantation,9,6,No skill,0,0,No,Land,10000,30000,1
40,M,Y,4,Y,None,HSLC,Agriculture,9,15,No skill,0,0,Handicraft,4,1.5,No,Land,11000,10000,1
64,M,Y,3,Y,None,HS,Agriculture,9,12,Business,6,8,Bamboo plantation,4,6,Yes,Land,10000,13000,1
39,M,Y,5,N,None,Class VIII,Agriculture,9,2,Beetlenut Plantation,9,8,Handicraft,8,1.5,Yes,Land,11000,9000,0
31,F,N,7,Y,None,BCom,Agriculture,9,32,small Business,9,3,No skill,0,0,No,Land,12000,7000,1
40,M,Y,3,N,None,HSLC,Pig Farming,9,20,Parmanent Labour,8,10,Agriculture,9,1.5,No,Land,9000,5000,0
48,M,Y,7,Y,None,HS,Agriculture,9,7,Vegetable Vendor,8,20,No skill,0,0,No,Land,18000,28000,1
27,F,Y,4,N,None,HSLC,Agriculture,8,21,Business,9,7,No skill,0,0,No,Land,12000,10000,0
31,M,Y,2,Y,Father,MSc,Agriculture,9,30,Agriculture,9,8,No skill,0,0,No,Land,18000,10000,1
38,M,Y,3,Y,Husband,HSLC,Agriculture,9,38,Business,7,8,Business,8,6,No,Land,10000,30000,1
48,M,Y,3,Y,None,MCA,Pig Farming,8,12,Pig Farming,9,8,No skill,0,0,No,Land,10000,28000,1
48,F,Y,3,N,Father,HSLC,Medical plant research,9,5,Bamboo plantation,7,4,Handicraft,6,10,No,No ownership,15000,9000,0
49,M,Y,2,Y,Husband,HSLC,Strawberry Cultivation,9,4,Business,9,4,No skill,0,0,No,Land,15000,9000,0
27,M,Y,4,Y,None,HSLC,Agriculture,9,28,Business,9,8,Contractor,4,1.5,No,Land,16000,10000,1
64,F,N,3,Y,Son,HSLC,Agriculture,9,5,Beetlenut Plantation,8,6,No skill,0,0,No,No ownership,20000,5000,0
33,M,Y,10,N,None,HSLC,Agriculture,9,20,Agriculture,8,12,No skill,0,0,No,Land,19000,6000,0
62,F,Y,5,Y,None,HS,Business,6,15,Folding Hotel ,7,25,Fishery,6,3,No,Land,15000,6000,0
45,M,Y,3,N,Father,HS,Agriculture,9,10,Vegetable Vendor,9,8,Beetlenut Plantation,4,1.5,No,"Land,vehicle",19000,10000,0
48,M,Y,4,Y,None,Class V,Agriculture,8,4,Agriculture,9,4,No skill,0,0,No,Land,18000,18000,0
39,F,Y,3,N,None,Class VII,Agriculture,9,15,Rubber Plantation,9,9,No skill,0,0,No,"Land,pond",18000,9000,1
24,M,Y,10,Y,Son,MCA,Agriculture,9,25,Beetlenut Plantation,8,2,Pig Farming,9,1.5,No,Land,12000,30000,1
45,M,Y,4,N,Husband,BA,Agriculture,8,1,Bamboo plantation,9,3,No skill,0,0,No,Land,18000,9000,0
70,M,N,3,Y,None,HSLC,Agriculture,7,22,Rubber Plantation,9,4,No skill,0,0,No,"Land,pond ",12000,12000,1
45,M,Y,3,Y,Son,Class VII,Agriculture,9,28,Bamboo plantation,9,7,No skill,0,0,No,Land,65000,32000,1
28,M,N,3,Y,None,BA,Medical plant research,9,9,E-Rickshaw,9,8,Pig Farming,8,10,No,Land,40000,8000,1
69,M,Y,3,Y,None,BA,Agriculture,9,25,Beetlenut Plantation,9,15,Agriculture,9,9,No,Land,16000,9000,1
27,F,N,4,Y,None,BA ,Agriculture,9,15,Beetlenut Plantation,9,7,No skill,0,0,No,Land,17000,8000,1
48,F,N,4,Y,None,HS,Handloom worker,9,18,Lemon Cultivation,9,8,Beetlenut Plantation,9,2,No,Land,11000,28000,1
30,M,Y,4,N,Father,BA,Agriculture,8,11,Beetlenut Plantation,9,9,Handicraft,8,1.5,No,Land,40000,9000,0
48,F,Y,3,N,None,Class VI,Agriculture,9,20,Agriculture,9,7,Fishery,4,25,No,Land,13000,8000,0
40,M,Y,6,Y,None,HSLC,Agriculture,9,12,Beetlenut Plantation,9,6,No skill,0,0,No,Land,18000,20000,1
35,M,Y,5,Y,None,Class V,Agriculture,9,7,Medical Plant,9,7,No skill,0,0,No,Land,16000,9000,0
28,F,Y,5,Y,Father,HS,Agriculture,9,18,Business,9,10,No skill,0,0,No,Land,55000,8000,1
37,F,Y,4,Y,None,HSLC,Business,8,15,Beetlenut Plantation,9,25,No skill,0,0,No,Land,12000,11000,1
52,F,Y,4,Y,None,HSLC,Agriculture,9,30,Fishery,9,25,No skill,0,0,No,Land,10000,7000,1
41,M,Y,6,Y,Son,Class IX,Pig Farming,9,12,No skill,0,0,Agriculture,8,1.5,Yes,"Land,pond ",35000,7000,1
40,F,Y,4,N,None,HS,Agriculture,9,7,Beetlenut Plantation,8,7,No skill,0,0,No,Land,14000,9000,0
38,F,Y,4,Y,None,HSLC,Agriculture,9,5,Medical Plant,9,12,No skill,0,0,No,Land,16000,6000,0
67,M,Y,5,Y,Husband,BA,Agriculture,7,20,Beetlenut Plantation,8,7,Fishery,9,1.5,No,Land,45000,6000,1
64,M,N,4,Y,None,BA,Agriculture,9,4,Chicken farming,9,8,Agriculture,9,19,No,Land,20000,6000,0
45,M,Y,3,Y,None,BA ,Agriculture,7,12,Agriculture,9,8,Pig Farming,4,15,No,Land,13000,5000,1
48,F,Y,3,Y,None,HSLC,Agriculture,9,7,Business,9,6,No skill,0,0,No,Land,13000,32000,1
28,M,Y,6,Y,None,HSLC,Agriculture,9,10,Business,9,9,No skill,0,0,No,"Land,machine",18000,10000,1
42,M,Y,6,Y,None,HSLC,Agriculture,9,30,No skill,0,0,No skill,0,0,No,Land,16000,9000,1
68,M,N,6,N,None,HS,Agriculture,7,25,Beetlenut Plantation,9,15,No skill,0,0,No,Land,12000,8000,0
32,M,Y,4,Y,None,HS,Agriculture,7,3,Beetlenut Plantation,9,15,Business,7,2,No,Land,42000,30000,0
38,M,N,3,Y,Brother,HS,Agriculture,9,12,Vegetable Vendor,7,7,No skill,0,0,No,Land,55000,10000,1
38,M,Y,3,N,Son,HS,Agriculture,9,35,Agriculture,9,7,Fishery,4,12,No,Land,14000,11000,0
40,M,Y,5,Y,Husband,HSLC,Agriculture,9,12,Fishery,7,5,Fishery,9,1.5,No,Land,17000,18000,1
49,M,Y,3,Y,None,Class VII,Agriculture,9,1,Fishery,6,7,No skill,0,0,Yes,Land,12000,32000,0
48,M,Y,4,Y,None,BA,Beetlenut Plantation,8,5,Rice Mill,9,12,No skill,0,0,Yes,No ownership,10000,30000,0
29,F,N,3,Y,Son,HSLC,Agriculture,8,21,Business,8,5,Business,9,12,No,No ownership,12000,8000,1
41,M,Y,4,N,None,Class IX,Agriculture,9,15,Fishery,8,20,Agriculture,8,3,No,Land,20000,8000,0
32,M,Y,5,Y,None,Class III,Agriculture,9,30,Rubber Plantation,8,4,Chicken Farming,9,8,No,Land,9000,9000,1
57,F,Y,4,Y,None,Class III,Agriculture,7,10,Beetlenut Plantation,8,12,No skill,0,0,No,Land,10000,9000,1
41,M,Y,3,Y,None,HS,Pig Farming,9,10,Rubber Plantation,7,7,Contractor,4,12,No,Land,14000,7000,1
42,M,Y,5,N,None,HS,Agriculture,8,1,Bamboo plantation,7,16,Mushroom cultivation ,4,15,No,Land,10000,7000,0
36,M,Y,5,Y,None,HSLC,Agriculture,8,22,Business,8,30,Bamboo plantation,4,1.5,No,Land,12000,28000,1
37,M,Y,7,N,None,HS,Beetlenut Plantation,9,5,Agriculture,9,5,Handicraft,9,5,No,Land,16000,28000,0
30,M,Y,4,Y,None,MSc,Agriculture,9,15,Agriculture,9,6,Agriculture,4,14,No,Land,16000,7000,1
48,M,Y,7,N,None,Class IX,Agriculture,9,18,Fishery,7,12,No skill,0,0,No,Land,11000,8000,0
30,F,Y,6,N,None,HSLC,Agriculture,9,10,No skill,0,0,Fishery,8,7,No,Land,10000,8000,0
69,M,Y,7,Y,None,HS,Agriculture,9,25,small Business,9,8,Bamboo plantation,4,1.5,No,Land,15000,6000,1
33,M,Y,4,Y,None,Class VII,Agriculture,9,7,Beetlenut Plantation,8,3,No skill,0,0,No,Land,26000,18000,0
39,M,Y,3,Y,None,HSLC,Agriculture,9,5,Beetlenut Plantation,9,10,Agriculture,9,1.5,No,Land,15000,8000,0
44,M,Y,3,Y,None,BA,Agriculture,9,3,Agriculture,9,8,No skill,0,0,No,Land,9000,8000,0
27,M,Y,4,N,Father,MSc,Agriculture,9,3,Rubber Plantation,8,3,No skill,0,0,No,Land,12000,6000,0
54,F,Y,4,Y,None,BA,Agriculture,9,5,Business,9,7,Fishery,7,15,No,Land,10000,10000,0
64,F,Y,9,Y,None,Class VII,Agriculture,9,5,Fishery,9,7,No skill,0,0,No,Land,12000,9000,0
45,M,Y,5,Y,None,HS,Agriculture,9,11,Agriculture,8,5,No skill,0,0,No,No ownership,16000,30000,1
38,M,N,4,N,None,HS,Agriculture,9,12,E-Rickshaw,8,7,No skill,0,0,No,"Land,machine",6000,7000,0
28,M,Y,4,Y,Father,BA,Agriculture,7,1,Rubber Plantation,8,7,Fishery,4,15,No,"Land,vehicle",19000,6000,0
24,F,Y,7,Y,Husband,Class VII,Business,9,5,No skill,0,0,No skill,0,0,No,Land,9000,8000,0
40,M,Y,7,Y,Son,BSc,Agriculture,9,3,Vegetable Vendor,6,6,No skill,0,0,No,Land,15000,9000,0
49,M,N,4,Y,Wife,HS,Agriculture,9,2,Bamboo plantation,8,6,Chicken Farming,4,7,No,"Land,machine",15000,8000,0
54,F,Y,3,Y,Husband,HSLC,Agriculture,9,15,Fishery,9,8,No skill,0,0,No,Land,16000,12000,1
55,F,Y,3,Y,None,HS,Agriculture,9,3,Business,8,10,No skill,0,0,No,Land,6000,11000,0
43,F,Y,4,Y,None,Class VI,Agriculture,9,5,Medical Plant,9,8,Contractor,9,12,No,Land,15000,8000,0
38,M,Y,3,N,None,BA,Agriculture,8,30,Beetlenut Plantation,9,4,Beetlenut Plantation,4,12,No,Land,12000,8000,0
50,F,Y,10,Y,None,BA,Agriculture,9,21,small Business,6,2,No skill,0,0,No,Land,12000,20000,1
50,F,Y,3,Y,None,Class V,Agriculture,9,12,Beetlenut Plantation,8,10,Bamboo plantation,6,12,No,Land,45000,8000,1
36,M,Y,4,Y,None,HSLC,Business,9,8,Rubber Plantation,8,8,No skill,0,0,No,"Land,pond",11000,8000,1
28,F,Y,4,N,None,BA,Agriculture,9,32,Business,9,20,No skill,0,0,No,Land,35000,8000,1
38,M,Y,3,Y,None,HSLC,Agriculture,8,10,Beetlenut Plantation,9,7,No skill,0,0,No,Land,15000,7000,1
37,F,Y,4,N,None,HS,Business,9,9,Business,9,6,Chicken Farming,9,2,Yes,"Land,pond",26000,13000,0
68,M,Y,4,N,None,HSLC,Agriculture,9,2,Business,9,25,Fishery,4,10,Yes,"Land,pond",14000,28000,0
30,M,Y,3,Y,None,HSLC,Agriculture,9,12,Beetlenut Plantation,9,7,Horticulture,4,6,No,Land ,16000,9000,1
36,M,Y,4,Y,Son,HSLC,Strawberry Cultivation,9,30,Fishery,9,12,No skill,0,0,Yes,Land,8000,8000,1
45,F,Y,4,N,None,HS,Agriculture,9,9,Beetlenut Plantation,7,8,Beetlenut Plantation,4,25,No,Land,11000,7000,0
48,M,Y,3,N,None,HSLC,Agriculture,9,5,Fishery,9,20,No skill,0,0,No,Land,12000,4000,0
64,M,Y,5,N,None,BSc,Agriculture,9,18,Rubber Plantation,8,20,Beetlenut Plantation,4,8,No,Land,15000,8000,0
50,M,Y,5,N,None,HSLC,Agriculture,9,18,Business,9,7,No skill,0,0,No,Land,13000,9000,0
64,F,Y,3,N,Father ,HS,Agriculture,9,7,Beetlenut Plantation,9,15,No skill,0,0,No,Land ,13000,9000,0
70,M,Y,6,Y,None,Class VII,Beetlenut Plantation,9,3,Vegetable Vendor,8,4,No skill,0,0,No,Land,8000,28000,0
38,M,Y,4,N,None,MSc,Agriculture,9,18,Pig Farming,8,5,No skill,0,0,No,Land,10000,9000,0
37,M,Y,4,N,None,BA,Agriculture,9,20,Fishery,7,4,No skill,0,0,No,Land,12000,25000,0
32,M,N,4,Y,None,HS,Agriculture,9,10,Bamboo plantation,9,10,Beetlenut Plantation,8,9,No,Land,42000,10000,1
37,F,Y,4,Y,Father,BA,Agriculture,9,3,Business,9,8,Fishery,6,2,No,Land,11000,10000,0
40,M,N,4,Y,None,Class VII,Handicraft,7,8,Business,8,12,No skill,0,0,No,Land,15000,18000,1
39,F,Y,4,Y,None,BA,Agriculture,9,20,Beetlenut Plantation,8,4,No skill,0,0,Yes,No ownership,14000,30000,1
29,F,N,4,Y,None,HS,Agriculture,9,5,Beetlenut Plantation,8,5,Mushroom cultivation ,9,2,No,Land,18000,12000,0
45,M,Y,4,N,Father ,HSLC,Agriculture,9,3,Business,9,25,No skill,0,0,No,Land,11000,35000,0
41,M,Y,5,Y,Husband,HS,Agriculture,9,32,Beetlenut Plantation,8,8,No skill,0,0,No,Land,45000,18000,1
58,M,Y,4,Y,None,HSLC,Agriculture,9,8,Beetlenut Plantation,6,15,Fishery,6,5,Yes,Land,28000,12000,1
45,F,N,3,Y,None,HSLC,Agriculture,9,11,Business,8,4,Agriculture,9,1.5,No,Land,8000,8000,1
33,M,Y,2,N,None,HS,Agriculture,6,15,Beetlenut Plantation,8,5,Agriculture,9,1.5,No,Land,12000,7000,0
42,F,Y,5,N,None,HSLC,Agriculture,9,5,Handicraft,9,15,Beetlenut Plantation,4,8,No,Land,11000,8000,0
27,M,Y,5,N,None,HSLC,Agriculture,8,15,Business,8,12,No skill,0,0,No,No ownership,10000,7000,0
35,M,Y,3,Y,None,HS,Sericulture,9,5,Business,9,7,No skill,0,0,Yes,Land,48000,6000,0
44,F,Y,3,Y,None,HS,Beetlenut Plantation,9,4,Fishery,9,8,No skill,0,0,No,Land,45000,28000,0
40,M,Y,4,Y,None,HSLC,Agriculture,9,5,Beetlenut Plantation,9,4,No skill,0,0,No,Land,8000,18000,0
40,F,N,5,Y,None,HS,Pig Farming,9,50,Rubber Plantation,9,12,No skill,0,0,No,Land,40000,7000,1
39,M,N,3,N,Wife,PhD,Folding hotel ,6,18,Bamboo plantation,7,4,No skill,0,0,No,Land,13000,26000,0
31,F,Y,4,Y,None,HSLC,Agriculture,9,11,Bamboo plantation,8,15,No skill,0,0,No,Land,13000,9000,1
64,M,N,5,Y,Brother,Class V,Agriculture,9,20,Fishery,9,12,No skill,0,0,No,Land,26000,4000,1
28,F,Y,3,Y,None,MCA,Tea Plantation ,9,12,fastfoodhop,9,10,Pig Farming,6,1.5,No,Land,14000,9000,1
54,F,Y,3,Y,Husband,HS,Agriculture,9,8,Medical Plant,7,5,No skill,0,0,No,Land,10000,15000,1
34,F,Y,2,N,Father,HSLC,Agriculture,9,10,Fishery,8,19,Horticulture,4,3,Yes,Land,12000,7000,0
50,M,Y,6,N,None,HS,Agriculture,9,25,Beetlenut Plantation,8,5,Chicken Farming,9,6,No,Land,10000,10000,0
29,F,Y,4,N,None,HS,Agriculture,9,21,Beetlenut Plantation,8,4,No skill,0,0,No,Land,35000,9000,0
33,F,Y,3,N,Wife,Class VIII,Agriculture,9,8,Beetlenut Plantation,8,7,Horticulture,8,25,No,Land,19000,8000,0
30,M,Y,4,Y,Father,HSLC,Driver,9,15,Vegetable Vendor,9,7,Bamboo plantation,4,10,No,Land,28000,10000,1
35,F,Y,4,Y,None,HS,Agriculture,9,15,Business,7,12,Chicken Farming,9,9,No,Land,65000,8000,1
35,M,Y,4,Y,None,HSLC,Agriculture,9,8,Business,6,6,No skill,0,0,No,"Land,pond",18000,8000,1
68,F,Y,3,Y,Husband,MSc,Agriculture,9,21,Fishery,7,7,Business,9,1.5,No,Land,13000,8000,1
40,F,Y,2,Y,Father ,HS,Agriculture,9,11,Business,9,15,No skill,0,0,No,"Land,pond",11000,13000,1
33,M,Y,5,Y,None,Class VII,Agriculture,9,19,Bamboo plantation,9,7,No skill,0,0,No,Land,15000,9000,1
44,M,Y,4,Y,None,HSLC,Agriculture,9,19,Beetlenut Plantation,8,37,No skill,0,0,No,"Land,pond",11000,9000,1
37,M,Y,2,Y,Brother,HS,Agriculture,9,30,No skill,0,0,No skill,0,0,No,No ownership,28000,20000,1
52,M,Y,3,Y,None,MCA,Beetlenut Plantation,9,8,Beetlenut Plantation,8,7,No skill,0,0,No,Land,36000,8000,0
40,M,Y,3,N,None,Class III,Pig Farming,8,12,Agriculture,8,7,Horticulture,8,9,No,Land,20000,45000,0
60,M,Y,3,Y,Father,HSLC,Agriculture,8,7,No skill,0,0,Chicken Farming,9,1.5,No,Land,14000,8000,0
70,M,Y,5,Y,None,HS,Agriculture,9,5,Business,7,7,Contractor,9,7,No,No ownership,45000,13000,0
28,M,Y,4,N,None,Class v,Agriculture,9,38,Rubber Plantation,9,7,Fishery,9,7,No,"Land,pond",9000,15000,0
30,M,Y,3,Y,Wife,HSLC,Agriculture,9,2,Agriculture,8,25,Handicraft,4,1.5,Yes,Land,15000,9000,0
44,M,Y,4,Y,None,HS,Agriculture,9,11,Vegetable Vendor,9,12,Business,4,12,No,No ownership,13000,13000,1
45,M,Y,7,Y,Son,MSc,Agriculture,8,15,Business,8,6,shop,4,5,No,No ownership,10000,10000,1
47,M,Y,4,N,son,HSLC,Agriculture,9,18,Pig Farming,5,15,No skill,0,0,No,Land,15000,11000,0
44,F,N,4,N,None,HS,Agriculture,9,18,Vegetable Vendor,8,15,No skill,0,0,No,Land,56000,8000,0
48,F,Y,3,Y,None,HSLC,Agriculture,9,13,Bamboo plantation,8,9,No skill,0,0,No,"Land,pond",18000,9000,1
35,M,Y,3,Y,Husband,HS,Agriculture,7,15,Business,6,7,Fishery,9,5,No,Land,55000,9000,0
38,M,Y,3,N,None,BA ,Beetlenut Plantation,9,7,Beetlenut Plantation,8,4,Pig Farming,9,3,No,Land,18000,9000,0
30,M,Y,4,N,Husband,HSLC,Agriculture,9,15,Business,9,8,No skill,0,0,No,Land,16000,8000,0
40,M,Y,3,Y,None,HS,Agriculture,8,7,Bamboo plantation,9,12,Chicken Farming,9,7,No,Land,10000,10000,1
47,M,Y,3,N,None,HSLC,Agriculture,9,20,Business,9,15,Fishery,4,7,No,Land,11000,8000,1
35,M,Y,6,Y,Husband,HS,Agriculture,9,14,Pig Farming,8,6,Agriculture,7,3,No,Land,18000,9000,1
68,M,Y,3,Y,None,BA,Tea Plantation ,7,10,Agriculture,9,10,Mushroom cultivation ,8,6,No,Land,10000,7000,1
38,M,Y,3,N,None,Class VII,Agriculture,9,20,Rice Mill,8,9,No skill,0,0,Yes,Land,55000,7000,0
47,M,Y,3,N,None,HSLC,Agriculture,9,15,Vegetable Vendor,9,8,Bamboo plantation,8,1.5,Yes,Land,16000,11000,0
64,M,Y,4,Y,Husband,HSLC,Agriculture,9,8,Handicraft,8,15,Pig Farming,4,15,No,Land,40000,10000,1
42,M,N,3,N,Father,BA,Agriculture,9,15,Vegetable Vendor,9,6,Bamboo plantation,9,5,No,Land,10000,10000,0
48,F,Y,10,Y,None,HSLC,Agriculture,9,5,Business,6,9,Beetlenut Plantation,4,12,Yes,Land,15000,32000,0
61,M,Y,4,Y,Father,HSLC,Agriculture,9,18,Pig Farming,9,7,No skill,0,0,No,"Land,machine",42000,35000,1
28,M,Y,4,N,Father,HS,Agriculture,9,20,Beetlenut Plantation,7,4,Beetlenut Plantation,8,9,No,Land,10000,20000,0
27,F,Y,4,N,None,HSLC,Fishery,8,18,Beetlenut Plantation,8,12,No skill,0,0,No,Land,55000,6000,0
72,M,Y,4,Y,None,Class VIII,Business,9,20,Beetlenut Plantation,9,10,No skill,0,0,No,Land,35000,18000,1
40,M,Y,5,Y,None,HSLC,Shop ,9,12,Handicraft,6,2,Beetlenut Plantation,4,1.5,No,Land,11000,9000,1
42,M,Y,4,Y,None,HS,Agriculture,8,32,Beetlenut Plantation,7,9,Agriculture,8,1.5,No,"Land,pond",20000,6000,1
41,F,Y,3,Y,None,HSLC,Agriculture,9,5,Medical Plant,9,7,Fishery,4,1.5,No,No ownership,65000,5000,0
48,M,Y,4,Y,None,BA,Agriculture,9,25,Bamboo plantation,8,3,Fishery,4,15,No,Land,45000,15000,1
54,F,Y,8,Y,None,HSLC,Agriculture,9,8,Bamboo plantation,8,20,Fishery,4,1.5,No,Land,12000,4000,1
38,M,Y,5,N,Son,Class VII,Agriculture,9,18,Dairy Farm,8,5,No skill,0,0,No,Land,13000,11000,0
40,M,Y,5,Y,None,HSLC,Agriculture,9,12,Beetlenut Plantation,8,10,No skill,0,0,No,Land,11000,18000,1
28,M,N,6,N,Father,HSLC,Beetlenut Plantation,9,12,Lemon Cultivation,9,5,Beetlenut Plantation,4,6,No,Land,11000,9000,0
30,M,N,6,Y,Father,Class IV,Agriculture,9,8,Beetlenut Plantation,9,15,No skill,0,0,No,Land,25000,15000,1
38,M,N,3,N,None,HSLC,Agriculture,8,2,Business,8,10,Pig Farming,9,6,No,Land,8000,28000,0
31,F,Y,5,Y,None,HSLC,Agriculture,9,38,Business,9,7,Contractor,4,2,No,Land,16000,10000,1
50,M,Y,3,N,None,HSLC,Agriculture,9,1,Vegetable Vendor,9,8,Fishery,7,6,No,Land,18000,9000,0
46,M,Y,3,Y,None,Class VI,Agriculture,7,45,Handicraft,7,7,No skill,0,0,No,"Land,pond",12000,45000,1
37,M,Y,3,N,Son,Class VII,Business,9,5,Beetlenut Plantation,8,12,No skill,0,0,Yes,Land,16000,7000,0
38,M,N,4,Y,None,HS,Agriculture,7,10,E-Rickshaw,8,20,Fishery,4,18,No,No ownership,13000,10000,1
54,M,Y,4,N,None,MCA,Medical plant research,9,9,Bamboo plantation,9,20,Fishery,9,1.5,No,"Land,pond",8000,9000,1
35,M,Y,7,N,None,BA,Agriculture,9,19,Fishery,7,6,No skill,0,0,No,Land,11000,5000,0
41,M,Y,3,Y,None,HS,Agriculture,9,3,Beetlenut Plantation,8,8,Pig Farming,9,9,No,Land,9000,7000,0
50,M,Y,3,Y,None,Class VIII,Agriculture,9,1,Business,6,7,Contractor,9,8,No,Land,13000,6000,0
40,M,Y,3,N,None,HSLC,Agriculture,9,30,Beetlenut Plantation,8,15,No skill,0,0,No,Land,14000,9000,0
40,F,Y,2,N,None,HSLC,Agriculture,9,15,Beetlenut Plantation,8,2,Agriculture,8,5,No,Land,15000,6000,0
30,M,Y,5,Y,None,MCA,Handicraft,8,5,Business,9,12,Agriculture,9,10,No,Land,15000,35000,0
33,M,Y,3,Y,Father,HSLC,Tea Plantation ,7,18,Beetlenut Plantation,6,15,Beetlenut Plantation,4,16,No,Land,8000,15000,1
28,M,Y,5,Y,Father,Class VII,Agriculture,7,15,Dairy Farm,7,18,No skill,0,0,No,Land,15000,10000,1
50,F,Y,3,Y,None,MCA,Agriculture,9,21,Pig Farming,7,7,Contractor,9,1.5,No,No ownership,12000,9000,1
40,M,Y,3,N,None,MSc,Tea Plantation ,9,25,Beetlenut Plantation,9,15,Mushroom cultivation ,6,5,No,Land,10000,7000,1
52,F,Y,3,N,Father,HS,Agriculture,9,30,Beetlenut Plantation,8,11,Fishery,9,5,No,No ownership,16000,9000,0
41,M,N,5,N,None,HSLC,Agriculture,9,5,Bamboo plantation,6,8,No skill,0,0,Yes,Land,14000,8000,0
27,M,Y,4,N,None,HS,Beetlenut Plantation,9,32,Business,9,7,Contractor,4,2,No,Land,12000,20000,0
49,F,Y,4,Y,None,BA,Agriculture,8,5,Vegetable Vendor,8,20,No skill,0,0,No,Land,55000,12000,0
27,F,Y,4,N,None,Class IX,Tea Plantation ,9,23,Agriculture,8,6,No skill,0,0,No,"Land,pond",18000,6000,0
41,M,Y,3,N,None,Class VII,Agriculture,9,5,fastfoodhop,6,12,No skill,0,0,No,Land,12000,9000,0
49,M,Y,4,Y,Husband,HSLC,Agriculture,9,32,Handicraft,9,18,No skill,0,0,No,Land,55000,20000,1
35,M,Y,3,N,None,Class VIII,Agriculture,9,11,Pig Farming,7,8,No skill,0,0,No,"Land,machine",15000,8000,0
48,F,Y,3,N,Son,HSLC,Agriculture,9,25,Bamboo plantation,9,6,No skill,0,0,Yes,"Land,machine",14000,10000,0
38,M,Y,7,N,Wife,BA,Agriculture,9,9,Bamboo plantation,8,8,No skill,0,0,No,No ownership,30000,10000,0
50,M,Y,3,Y,Husband,PhD,Business,8,12,Agriculture,9,7,Beetlenut Plantation,7,3,No,No ownership,12000,9000,0
35,M,Y,3,Y,None,HSLC,Agriculture,9,25,Beetlenut Plantation,9,8,No skill,0,0,No,Land,20000,6000,1
47,M,Y,10,Y,son,Class IX,Agriculture,9,20,Handicraft,6,6,Fishery,9,14,No,Land,16000,35000,1
37,M,Y,7,N,son,HSLC,Agriculture,9,9,Beetlenut Plantation,9,15,No skill,0,0,No,"Land,pond",28000,13000,1
40,F,Y,5,Y,None,BA,Agriculture,9,25,Bamboo plantation,9,4,No skill,0,0,No,Land,26000,10000,1
45,M,N,3,N,None,HSLC,Agriculture,9,20,Dairy Farm,6,10,No skill,0,0,No,Land,48000,9000,0
28,M,N,6,N,Father,HSLC,Agriculture,9,20,No skill,0,0,No skill,0,0,No,Land,10000,9000,0
38,M,Y,4,Y,None,HSLC,Agriculture,7,10,Bamboo plantation,9,6,No skill,0,0,No,Land,20000,6000,1
48,M,Y,9,Y,None,HS,Agriculture,9,15,Business,9,18,No skill,0,0,No,"Land,pond",12000,40000,1
58,M,Y,3,Y,None,BA,Agriculture,9,20,Beetlenut Plantation,9,9,Beetlenut Plantation,4,1.5,No,Land,26000,8000,1
29,M,Y,3,N,None,HS,Agriculture,9,12,Business,8,10,Fishery,9,10,No,Land,19000,9000,0
44,M,Y,7,Y,None,BA,Agriculture,9,1,Beetlenut Plantation,8,5,Bamboo plantation,9,5,No,No ownership,125000,8000,0
66,F,Y,2,Y,None,HS,Beetlenut Plantation,9,25,Handicraft,8,25,No skill,0,0,No,Land,14500,7000,1
58,F,N,2,Y,Son,HSLC,Agriculture,9,15,Vegetable Vendor,8,4,Business,9,10,No,"Land,machine",19000,30000,1
40,M,N,7,N,None,Class VIII,Agriculture,9,3,Dairy Farm,7,12,No skill,0,0,No,Land,11000,7000,0
38,M,Y,3,N,None,HSLC,Agriculture,9,11,Pig Farming,7,5,No skill,0,0,No,"Land,pond",10000,10000,0
36,M,Y,3,N,Father,HS,Beetlenut Plantation,9,8,Agriculture,9,15,No skill,0,0,No,Land,18000,8000,0
27,F,Y,3,Y,None,HS,Agriculture,9,2,Bamboo plantation,9,9,Handicraft,4,6,No,Land,13000,8000,0
30,M,Y,7,Y,None,BA,Agriculture,9,7,Pig Farming,9,7,No skill,0,0,No,Land,14000,10000,1
38,F,N,4,Y,None,HS,Beetlenut Plantation,9,14,Bamboo plantation,8,5,No skill,0,0,No,Land,26000,35000,1
58,M,Y,5,N,None,HS,Agriculture,9,8,Beetlenut Plantation,9,7,Agriculture,4,3,No,"Land,machine",10000,12000,0
41,M,N,4,Y,Husband ,HS,Agriculture,9,15,Business,9,5,Contractor,6,1.5,No,Land,15000,28000,1
36,M,Y,5,Y,None,HSLC,Agriculture,9,22,Agriculture,6,14,Business,8,3,No,Land,16000,30000,1
47,M,Y,4,Y,None,HSLC,Agriculture,9,12,Beetlenut Plantation,9,6,Handicraft,9,5,No,Land,19000,6000,1
38,M,Y,3,N,None,HS,Beetlenut Plantation,6,20,Beetlenut Plantation,9,19,No skill,0,0,No,Land,28000,6000,0
28,M,Y,6,N,Husband,MSc,Agriculture,9,12,Beetlenut Plantation,6,5,No skill,0,0,No,Land,20000,8000,0
38,F,Y,3,Y,Father ,Class v,Agriculture,9,2,Medical Plant,9,12,Bamboo plantation,9,20,No,Land,18000,15000,0
48,F,Y,4,Y,None,HS,Agriculture,5,13,Business,8,25,Bamboo plantation,4,5,No,Land,14000,12000,0
30,M,Y,3,N,None,HS,Agriculture,8,3,Business,7,25,Beetlenut Plantation,6,1.5,No,"Land,pond",15000,9000,0
54,F,N,5,Y,None,HS,Agriculture,9,20,Business,8,7,No skill,0,0,No,Land,10000,18000,1
45,F,Y,5,Y,None,HSLC,Agriculture,9,21,Business,9,5,No skill,0,0,No,Land,13000,8000,1
29,M,Y,5,N,None,HSLC,Agriculture,9,20,Vegetable Vendor,7,12,No skill,0,0,No,Land,10000,18000,0
42,M,Y,3,Y,None,BA,Agriculture,9,18,Pig Farming,9,20,Pig Farming,4,1.5,No,"Land,pond",19000,9000,1
45,M,Y,5,Y,None,HSLC,Fishery,6,18,Agriculture,8,5,Fishery,4,15,No,Land,11000,9000,0
35,M,Y,4,Y,None,HS,Agriculture,9,30,Business,9,8,Business,8,1.5,No,Land,9000,5000,1
30,M,Y,5,Y,None,Class VII,Agriculture,9,25,Beetlenut Plantation,6,5,No skill,0,0,No,Land,12000,8000,1
32,M,Y,4,Y,Father,HSLC,Fishery,8,15,Agriculture,8,14,No skill,0,0,No,Land,10000,20000,1
44,M,Y,3,N,None,HS,Agriculture,7,20,Beetlenut Plantation,8,7,Agriculture,9,5,No,Land,18000,8000,0
49,F,Y,7,N,None,HS,Agriculture,8,12,Vegetable Vendor,9,12,Handicraft,7,1.5,No,Land,12000,7000,0
32,M,Y,5,Y,Son,HSLC,Agriculture,9,32,No skill,0,0,No skill,0,0,No,"Land,machine",11000,7000,1
69,M,N,3,Y,None,HS,Agriculture,9,8,Business,8,12,No skill,0,0,No,Land,28000,8000,1
52,M,Y,3,Y,None,HSLC,Agriculture,9,8,Agriculture,9,15,Business,6,21,No,"Land,pond, machines",25000,4000,1
72,M,N,3,Y,None,HSLC,Agriculture,9,15,Chicken farming,9,7,No skill,0,0,No,No ownership,14000,9000,1
50,M,Y,4,Y,None,HSLC,Agriculture,9,3,Beetlenut Plantation,9,8,No skill,0,0,No,Land,45000,9000,0
40,M,Y,3,N,Mother ,HSLC,Beetlenut Plantation,9,20,Business,9,8,No skill,0,0,No,Land,25000,9000,0
50,M,Y,4,Y,None,MSc,Beetlenut Plantation,9,18,E-Rickshaw,8,15,Fishery,9,3,No,Land,10000,7000,1
27,M,Y,3,N,None,HS,Fishery,9,18,Beetlenut Plantation,9,8,No skill,0,0,No,Land,12000,6000,0
28,F,Y,2,Y,None,Class VIII,Folding hotel ,9,3,Beetlenut Plantation,9,15,Horticulture,9,6,No,Land,16000,9000,0
44,F,Y,3,Y,None,HS,Agriculture,9,20,Vegetable Vendor,9,25,Agriculture,6,1.5,No,Land,18000,8000,1
35,M,N,4,N,Father,HS,Agriculture,9,15,Beetlenut Plantation,8,18,Bamboo plantation,9,6,No,"Land,machine",125000,18000,0
36,M,Y,5,Y,None,Class VII,Agriculture,9,13,Business,6,15,Agriculture,9,5,No,Land,10000,10000,1
45,M,Y,5,Y,Father,HS,Agriculture,9,11,No skill,0,0,No skill,0,0,No,Land,10000,6000,1
50,F,Y,8,Y,Son,MSc,Agriculture,9,12,Beetlenut Plantation,7,12,Business,9,10,No,"Land,vehicle",35000,11000,1
32,M,Y,3,Y,None,Class VIII,Agriculture,0,7,Fishery,8,6,Fishery,7,1.5,No,Land,11000,35000,0
50,F,Y,7,Y,Wife,HSLC,Agriculture,9,7,Beetlenut Plantation,9,8,No skill,0,0,No,Land,12000,8000,1
70,M,N,3,Y,Son,HS,Agriculture,9,15,Business,9,18,Fishery,4,7,No,Land,9000,28000,1
50,M,Y,3,N,None,Class VI,Agriculture,9,32,Business,9,14,Fishery,9,2,No,Land,12000,7000,1
31,M,Y,3,N,None,HS,Agriculture,5,8,Pig Farming,9,12,Agriculture,8,6,No,Land,25000,10000,0
37,M,Y,3,Y,None,HS,Agriculture,7,8,Business,9,15,Beetlenut Plantation,9,6,Yes,Land,45000,9000,1
40,M,N,3,Y,Father,HS,Agriculture,9,32,Bamboo plantation,9,6,Pig Farming,8,1.5,No,Land,11000,30000,1
40,M,Y,8,Y,None,Class VII,Agriculture,9,5,Pig Farming,8,6,Referee trainee for football,4,7,No,No ownership,18000,9000,0
67,F,N,5,Y,None,Class IX,Agriculture,9,11,Beetlenut Plantation,8,3,Business,4,14,No,Land,18000,8000,1
54,M,Y,5,Y,None,HS,Agriculture,8,15,Vegetable Vendor,9,8,No skill,0,0,No,Land,13000,15000,1
31,M,Y,7,N,Brother,HSLC,Agriculture,8,15,Beetlenut Plantation,9,7,Agriculture,8,20,No,Land,10000,7000,0
40,F,Y,3,Y,None,MCA,Agriculture,7,12,Beetlenut Plantation,9,9,Chicken Farming,6,25,No,Land,10000,9000,1
30,F,Y,4,Y,Husband,HS,Agriculture,9,12,Beetlenut Plantation,9,15,No skill,0,0,No,Land,14000,8000,1
39,M,Y,4,N,Mother ,HS,Agriculture,9,25,Beetlenut Plantation,9,18,No skill,0,0,No,Land,13000,7000,1
37,M,Y,4,Y,None,Class III,Business,9,2,Business,9,8,No skill,0,0,No,Land,28000,8000,0
29,M,Y,4,Y,Father ,HS,Agriculture,8,5,No skill,0,0,Chicken Farming,9,5,No,Land,16000,11000,0
29,F,Y,3,Y,None,Class VIII,Agriculture,8,4,Business,9,5,Business,4,1.5,No,Land,15000,8000,0
28,F,Y,4,Y,None,HS,Agriculture,9,25,Fishery,8,7,No skill,0,0,No,Land,12000,8000,1
54,M,Y,5,N,Father,HSLC,Agriculture,9,20,Business,6,25,Beetlenut Plantation,4,2,No,Land,11000,9000,0
40,F,Y,4,N,None,Class VII,Agriculture,9,20,No skill,0,0,No skill,0,0,No,Land,40000,30000,0
24,M,N,4,N,Husband,HS,Agriculture,9,10,Rubber Plantation,9,12,Horticulture,9,7,No,No ownership,40000,7000,1
28,F,Y,4,N,Son,HSLC,Agriculture,9,15,Beetlenut Plantation,8,4,Bamboo plantation,7,5,No,Land,15000,6000,0
28,M,Y,5,N,Husband ,BSc,Agriculture,8,12,Fishery,8,5,Fishery,9,1.5,No,"Land,machine",16000,18000,0
54,M,Y,7,Y,None,HSLC,Agriculture,9,30,Dairy Farm,7,18,No skill,0,0,No,Land,15000,18000,1
49,M,Y,3,Y,Son,HS,Agriculture,9,15,No skill,0,0,Beetlenut Plantation,9,3,Yes,Land,15000,35000,1
45,M,Y,5,N,Husband,HSLC,Agriculture,9,18,Fishery,8,6,Fishery,8,2,No,Land,15000,7000,0
44,M,Y,9,Y,None,Class V,Agriculture,9,9,Bamboo plantation,9,9,No skill,0,0,No,No ownership,65000,7000,1
36,M,Y,4,N,None,Class VII,Business,9,12,Beetlenut Plantation,8,8,Referee trainee for football,9,1.5,No,Land,15000,8000,0
29,M,Y,6,N,None,HS,Agriculture,9,20,Dairy Farm,9,15,Fishery,8,14,No,Land,14000,8000,1
67,M,Y,6,Y,Son,Class VII,Agriculture,9,12,Pig Farming,5,10,No skill,0,0,No,Land,16000,10000,1
42,M,Y,4,Y,None,MCA,Agriculture,9,11,Business,8,18,Pig Farming,8,1.5,No,Land,16000,8000,1
38,M,Y,3,N,Father,BA,Agriculture,9,20,Vegetable Vendor,8,3,No skill,0,0,No,Land,18000,8000,0
29,M,Y,4,N,None,MSc,Agriculture,9,32,Rice Mill,9,15,Handicraft,4,3,No,Land,12000,6000,1
70,M,Y,3,Y,None,HS,Agriculture,9,7,No skill,0,0,No skill,0,0,No,Land,21000,28000,0
30,M,Y,7,N,None,Class VII,Agriculture,9,12,Beetlenut Plantation,9,7,No skill,0,0,No,Land,11000,8000,0
40,M,Y,4,Y,None,HS,Agriculture,9,20,Sericulture,8,25,No skill,0,0,No,Land,14000,30000,1
52,M,Y,4,N,None,BA ,Agriculture,9,32,Bamboo plantation,7,12,No skill,0,0,No,"Land,pond",13000,8000,0
30,F,Y,4,Y,None,HSLC,Agriculture,9,9,Beetlenut Plantation,8,15,No skill,0,0,No,Land,16000,12000,1
50,M,Y,5,N,Father,HS,Agriculture,9,28,Beetlenut Plantation,9,8,Fishery,8,1.5,No,Land,10000,5000,0
40,M,Y,5,Y,None,BA,Agriculture,7,20,Folding Hotel ,9,9,No skill,0,0,Yes,"Land,pond",11000,6000,1
37,M,Y,6,Y,None,HSLC,Agriculture,9,1,Dairy Farm,8,8,No skill,0,0,No,"Land,machine",11000,7000,0
38,M,Y,6,Y,None,BSc,Agriculture,9,8,Rubber Plantation,9,7,No skill,0,0,Yes,Land,125000,9000,1
48,M,Y,4,Y,None,HSLC,Pig Farming,7,8,Bamboo plantation,9,8,Pig Farming,9,1.5,No,Land,19000,11000,1
68,M,Y,7,Y,None,Class VII,Sericulture,9,3,Dairy Farm,8,8,No skill,0,0,No,Land,18000,8000,0
29,M,Y,4,N,None,Class VII,Agriculture,9,15,Agriculture,7,6,Business,9,8,No,Land,18000,9000,0
40,M,Y,3,N,None,HSLC,Agriculture,9,15,Business,8,18,No skill,0,0,No,No ownership,19000,13000,0
30,M,N,3,Y,None,PhD,Pig Farming,9,4,Beetlenut Plantation,8,8,No skill,0,0,No,Land,15000,11000,0
40,F,Y,3,Y,None,MSc,Agriculture,9,18,Chicken farming,6,12,Mushroom cultivation ,4,8,No,No ownership,10000,8000,1
40,M,Y,3,Y,None,BSc,Strawberry Cultivation,9,11,Beetlenut Plantation,7,8,No skill,0,0,Yes,Land,10000,10000,1
28,F,N,4,Y,None,MSc,Folding hotel ,9,12,Handicraft,6,12,Handicraft,4,19,No,No ownership,12000,6000,1
28,M,Y,5,Y,None,BA,Medical plant research,9,9,Medical Plant,8,15,No skill,0,0,No,Land,18000,10000,1
38,M,Y,5,Y,None,HS,Fishery,8,5,Business,9,6,No skill,0,0,Yes,Land,16000,9000,0
23,F,Y,5,Y,None,Class VIII,Agriculture,9,7,Bamboo plantation,9,3,No skill,0,0,No,Land,18000,7000,0
40,M,Y,4,Y,None,HSLC,Agriculture,9,12,Business,6,8,Horticulture,9,7,No,Land,19000,12000,1
52,F,Y,4,N,None,Class v,Agriculture,9,20,Bamboo plantation,9,7,No skill,0,0,Yes,No ownership,15000,20000,0
45,M,Y,7,N,None,MSc,Agriculture,9,28,Business,9,6,Horticulture,9,9,No,Land,10000,30000,0
40,M,Y,3,Y,Son,Class VIII,Agriculture,9,8,Beetlenut Plantation,8,25,Chicken Farming,4,20,No,"Land,pond ",26000,8000,1
49,F,Y,4,Y,None,MSc,Agriculture,8,11,Business,9,12,Agriculture,6,5,No,Land,12000,8000,1
27,M,Y,6,N,None,BA,Agriculture,9,12,Business,9,8,Beetlenut Plantation,9,10,No,Land,11000,11000,0
48,M,Y,5,N,Father,HSLC,Agriculture,9,3,Bamboo plantation,9,10,No skill,0,0,No,No ownership,12000,8000,0
40,F,N,4,Y,Son,Class VII,Agriculture,9,18,Fishery,6,8,Fishery,9,1.5,Yes,Land,28000,6000,1
28,M,Y,5,Y,None,HS,Agriculture,9,15,Beetlenut Plantation,9,6,Fishery,4,35,No,No ownership,10000,18000,1
67,M,N,6,Y,None,BA,Medical plant research,9,11,Bamboo plantation,9,9,No skill,0,0,No,"Land,pond",15000,9000,1
28,M,Y,4,N,None,Class V,Agriculture,0,18,Beetlenut Plantation,9,8,Contractor,4,1.5,No,Land,11000,20000,0
68,F,Y,4,Y,None,MCA,Business,9,25,Vegetable Vendor,8,8,No skill,0,0,No,Land,10000,7000,1
48,M,Y,4,Y,None,HS,Agriculture,8,25,Fishery,9,30,No skill,0,0,Yes,"Land,pond",30000,8000,1
31,M,Y,4,N,None,HS,Agriculture,7,7,Vegetable Vendor,9,8,No skill,0,0,No,Land,55000,8000,0
41,M,Y,3,N,None,HSLC,Agriculture,9,12,Business,6,3,No skill,0,0,No,Land,11000,8000,0
44,M,Y,4,N,Son,Class III,Agriculture,7,25,Vegetable Vendor,8,3,Handicraft,9,1.5,No,"Land,pond",11000,25000,0
27,M,Y,3,Y,None,Class V,Agriculture,9,12,Bamboo plantation,9,8,Handicraft,8,3,No,Land,15000,8000,1
39,M,Y,4,Y,None,Class VII,Agriculture,8,20,Handicraft,6,9,No skill,0,0,No,Land,20000,8000,1
29,F,Y,4,N,None,Class VIII,Agriculture,9,30,Business,8,8,Business,4,5,No,Land,19000,11000,0
31,M,Y,3,Y,None,HSLC,Agriculture,8,20,Bamboo plantation,9,7,No skill,0,0,No,Land,14000,20000,1
38,F,Y,5,Y,None,HSLC,Agriculture,9,10,Business,8,8,No skill,0,0,No,"Land,pond",16000,6000,1
30,M,Y,3,N,None,HS,Agriculture,9,11,Bamboo plantation,8,4,Fishery,9,3,No,Land,11000,9000,0
54,M,Y,2,Y,None,HSLC,Agriculture,9,32,Beetlenut Plantation,8,8,No skill,0,0,No,Land,15000,6000,1
29,F,Y,7,Y,None,HSLC,Beetlenut Plantation,9,15,small Business,7,5,No skill,0,0,No,Land,45000,10000,1
41,F,Y,6,Y,None,BA,Agriculture,9,9,Bamboo plantation,8,12,No skill,0,0,Yes,Land,14000,9000,1
40,M,Y,4,N,None,HSLC,Agriculture,9,20,Beetlenut Plantation,9,18,No skill,0,0,No,Land,21000,6000,1
49,F,Y,7,N,None,HS,Agriculture,7,15,Bamboo plantation,9,7,No skill,0,0,No,Land,20000,9000,0
32,M,N,5,Y,None,Class IX,Agriculture,9,38,Beetlenut Plantation,9,4,Bamboo plantation,4,25,No,Land,11000,5000,1
50,F,Y,4,Y,None,HSLC,Agriculture,9,15,Bamboo plantation,9,10,Fishery,6,8,No,Land,15000,30000,1
39,M,Y,5,N,None,HSLC,Handicraft,9,3,Beetlenut Plantation,8,3,Beetlenut Plantation,7,14,No,"Land,pond",10000,8000,0
43,M,Y,3,Y,None,HSLC,Agriculture,9,30,No skill,0,0,Beetlenut Plantation,9,1.5,No,Land,15000,8000,1
27,F,Y,4,Y,None,HS,Agriculture,9,30,Medical Plant,7,12,Contractor,6,9,No,Land,10000,10000,1
72,F,Y,4,Y,None,HSLC,Agriculture,7,2,Business,7,12,Business,9,2,No,Land,26000,8000,0
52,F,Y,3,N,Husband,HSLC,Agriculture,7,18,Agriculture,9,12,Chicken Farming,4,1,No,Land,20000,15000,0
43,M,Y,4,N,Husband,BA,Pig Farming,9,15,Fishery,9,6,No skill,0,0,No,"Land,pond, machines",16000,30000,0
26,F,Y,3,Y,None,HS,Agriculture,9,15,Dairy Farm,8,8,No skill,0,0,No,Land,65000,6000,1
53,M,Y,5,N,None,Class VII,Agriculture,9,15,Business,9,12,Pig Farming,6,1.5,No,Land,14000,6000,1
28,M,Y,4,Y,None,HSLC,Agriculture,9,15,Handicraft,6,7,No skill,0,0,No,Land,14000,8000,1
68,M,Y,3,N,None,HSLC,Agriculture,9,8,Vegetable Vendor,9,9,No skill,0,0,No,Land,11000,6000,0
33,F,Y,4,Y,Father,HS,Agriculture,0,12,Beetlenut Plantation,9,16,Agriculture,8,5,No,Land,45000,11000,0
29,M,Y,4,Y,None,HSLC,Agriculture,9,38,Bamboo plantation,9,25,No skill,0,0,No,Land,14000,8000,1
66,F,Y,4,N,None,HS,Agriculture,9,12,Beetlenut Plantation,8,9,No skill,0,0,Yes,Land,14000,18000,0
47,F,Y,3,Y,None,BA,Beetlenut Plantation,9,12,Business,6,8,Beetlenut Plantation,8,6,No,No ownership,10000,6000,1
35,M,Y,4,Y,Wife,Class VI,Agriculture,9,7,Bamboo plantation,8,4,No skill,0,0,No,Land,19000,8000,1
29,M,Y,3,Y,Son,HS,Agriculture,9,3,Fishery,6,9,No skill,0,0,No,Land,15000,28000,0
68,M,Y,3,Y,None,HSLC,Agriculture,9,30,No skill,0,0,No skill,0,0,No,Land,16000,30000,1
28,M,Y,4,Y,None,HSLC,Agriculture,9,20,Pig Farming,9,8,No skill,0,0,No,Land,11000,6000,1
27,M,Y,3,Y,None,BA ,Agriculture,7,5,E-Rickshaw,9,12,Fishery,7,19,No,Land,15000,12000,0
29,M,Y,7,Y,None,Class V,Agriculture,8,8,Beetlenut Plantation,8,15,No skill,0,0,No,No ownership,36000,11000,1
48,F,N,5,N,None,BA ,Agriculture,9,7,Business,9,14,No skill,0,0,No,Land,11000,5000,0
44,M,Y,10,Y,None,HS,Agriculture,9,13,Beetlenut Plantation,9,4,Agriculture,4,1.5,No,Land,30000,8000,1
38,M,Y,3,Y,Son,HSLC,Agriculture,9,5,Beetlenut Plantation,8,6,No skill,0,0,Yes,Land,15000,8000,0
47,F,Y,3,Y,None,HS,Pig Farming,8,38,Chicken farming,9,6,No skill,0,0,No,Land,18000,4000,1
48,F,Y,4,Y,None,Class IX,Tea Plantation ,9,2,Handicraft,7,2,Fishery,4,10,No,Land,30000,8000,0
44,M,Y,5,Y,None,Class VII,Pig Farming,9,15,Fishery,9,9,Fishery,4,1.5,No,Land,10000,12000,1
68,M,Y,4,Y,None,Class IX,Agriculture,9,38,Medical Plant,9,20,Fishery,9,5,No,No ownership,11000,8000,1
23,F,Y,4,Y,None,HSLC,Agriculture,7,12,Vegetable Vendor,8,4,No skill,0,0,No,"Land,pond",15000,8000,1
40,M,Y,3,Y,Mother ,HSLC,Agriculture,9,11,Business,9,12,No skill,0,0,No,Land,12000,20000,1
42,M,Y,4,Y,None,HS,Agriculture,9,3,Handicraft,8,15,No skill,0,0,No,Land,42000,7000,0
36,M,N,3,Y,None,HSLC,Agriculture,9,15,Beetlenut Plantation,6,8,Beetlenut Plantation,6,1.5,No,Land,15000,8000,1
29,M,Y,4,Y,Father,HSLC,Beetlenut Plantation,9,3,Beetlenut Plantation,8,7,Horticulture,8,1.5,No,Land,14000,7000,0
27,M,Y,7,Y,None,BA,Agriculture,9,18,Bamboo plantation,9,4,No skill,0,0,No,Land,18000,9000,1
44,F,Y,3,Y,None,HSLC,Pig Farming,9,20,Beetlenut Plantation,9,25,No skill,0,0,No,Land,11000,8000,1
67,M,Y,4,N,None,HS,Agriculture,9,12,Beetlenut Plantation,8,8,Bamboo plantation,8,5,No,Land,11000,6000,0
38,M,Y,6,Y,None,HSLC,Pig Farming,9,21,Business,6,2,No skill,0,0,No,Land,15000,9000,1
66,M,Y,3,Y,None,Class IX,Agriculture,9,14,Rubber Plantation,7,7,No skill,0,0,No,Land,36000,6000,1
37,M,Y,4,Y,None,HSLC,Agriculture,9,15,Bamboo plantation,9,12,No skill,0,0,No,Land,11000,11000,1
70,M,Y,4,Y,None,HS,Agriculture,8,7,Bamboo plantation,9,5,No skill,0,0,No,Land,10000,7000,1
67,F,Y,4,Y,None,HS,Agriculture,9,13,Vegetable Vendor,9,18,Business,8,6,No,Land,28000,9000,1
35,M,Y,4,Y,None,HS,Agriculture,7,15,Bamboo plantation,6,8,Beetlenut Plantation,6,1.5,No,Land,18000,30000,1
38,F,Y,3,Y,Wife,HS,Agriculture,9,15,Beetlenut Plantation,8,6,Handicraft,9,7,No,Land,12000,8000,1
30,M,Y,6,Y,None,HSLC,Agriculture,9,7,Beetlenut Plantation,8,12,No skill,0,0,No,Land,11000,13000,1
33,F,Y,3,Y,None,HSLC,Agriculture,9,14,Pig Farming,8,8,Contractor,4,15,No,Land,15000,6000,1
47,M,N,4,Y,None,HSLC,Folding hotel ,9,11,Business,8,5,Fishery,9,6,No,Land,12000,8000,1
58,F,Y,5,N,Father,Class III,Agriculture,8,15,Business,9,5,No skill,0,0,No,Land,14000,7000,0
29,F,Y,4,Y,None,Class IV,Agriculture,9,15,Beetlenut Plantation,9,3,No skill,0,0,Yes,Land,35000,10000,1
54,F,N,4,Y,None,HSLC,Agriculture,9,38,Business,8,8,No skill,0,0,Yes,Land,11000,32000,1
30,M,Y,3,Y,None,Class VIII,Agriculture,9,4,Business,8,18,Agriculture,7,1.5,No,Land,16000,6000,0
37,M,N,4,N,None,Class IV,Business,9,2,Beetlenut Plantation,9,25,No skill,0,0,No,Land,11000,8000,0
29,M,N,4,Y,Father,HSLC,Agriculture,8,7,Beetlenut Plantation,9,12,No skill,0,0,No,No ownership,42000,20000,1
42,F,Y,4,Y,Husband,Class VI,Pig Farming,9,10,Handicraft,8,8,Pig Farming,4,1.5,Yes,Land,12000,32000,1
62,F,Y,4,N,None,HSLC,Driver,8,13,Beetlenut Plantation,9,9,Fishery,4,1.5,No,Land,16000,7000,0
35,M,Y,3,Y,Son,PhD,Agriculture,9,20,Bamboo plantation,7,19,Beetlenut Plantation,4,7,No,"Land,machine",28000,22000,1
48,M,Y,5,Y,None,Class VII,Tea Plantation ,9,2,Pig Farming,8,12,Fishery,9,6,Yes,Land,8000,8000,0
43,M,Y,7,Y,None,MCA,Folding hotel ,9,4,Agriculture,9,6,Agriculture,4,5,No,No ownership,13000,9000,0
27,M,Y,9,N,None,BA,Agriculture,9,38,Beetlenut Plantation,8,8,Business,9,14,No,Land,13000,6000,0
46,M,N,2,N,None,HSLC,Agriculture,9,2,Chicken farming,7,12,Fishery,4,25,No,"Land,pond",10000,6000,0
43,F,Y,4,Y,Husband,BA,Agriculture,9,15,Fishery,7,8,No skill,0,0,No,"Land,pond, machines",40000,6000,1
41,F,Y,5,Y,None,HSLC,Agriculture,9,30,Pig Farming,8,8,No skill,0,0,No,Land,56000,8000,1
41,M,N,3,N,None,Class III,Agriculture,7,12,Agriculture,8,19,Agriculture,4,2,No,Land,55000,6000,0
36,M,Y,4,Y,None,HS,Agriculture,9,9,Fishery,8,9,No skill,0,0,Yes,Land,16000,26000,1
61,M,Y,3,Y,Brother,HS,Agriculture,9,1,Bamboo plantation,9,14,Beetlenut Plantation,4,1.5,No,Land,16000,6000,0
43,F,N,3,Y,None,MCA,Agriculture,8,18,Business,9,10,Agriculture,7,9,No,No ownership,15000,10000,1
42,F,N,5,Y,Husband,Class V,Agriculture,9,15,Beetlenut Plantation,8,3,Business,9,1.5,No,Land,12000,7000,1
50,M,N,5,N,None,HSLC,Strawberry Cultivation,9,5,Beetlenut Plantation,8,12,No skill,0,0,No,Land,16000,9000,0
67,M,Y,3,Y,None,HSLC,Agriculture,9,18,Business,9,18,No skill,0,0,No,Land,12000,7000,1
40,M,Y,5,Y,None,Class VI,Business,9,4,Beetlenut Plantation,9,15,No skill,0,0,No,Land,16000,7000,0
61,M,Y,2,N,Son,HSLC,Agriculture,9,5,Rubber Plantation,6,25,No skill,0,0,No,Land,16000,13000,0
30,M,Y,6,Y,None,Class VII,Agriculture,9,12,E-Rickshaw,6,12,Fishery,4,5,No,Land,30000,10000,1
27,M,Y,4,N,None,BA,Agriculture,8,10,Dairy Farm,7,7,Fishery,9,1.5,No,Land,13000,22000,0
54,M,Y,4,Y,None,HS,Agriculture,9,18,Beetlenut Plantation,9,16,Chicken Farming,4,25,No,Land,12000,8000,1
32,M,Y,4,N,Husband,HS,Pig Farming,6,7,Bamboo plantation,8,12,Beetlenut Plantation,7,7,No,Land,16000,18000,0
40,M,Y,3,Y,None,MSc,Agriculture,9,12,Beetlenut Plantation,7,25,Bamboo plantation,4,1.5,No,Land,15000,8000,1
38,F,Y,4,Y,None,Class IX,Agriculture,9,25,No skill,0,0,Agriculture,9,3,No,Land,30000,6000,1
48,M,Y,4,N,None,MSc,Agriculture,9,12,Beetlenut Plantation,9,5,No skill,0,0,No,Land,10000,7000,0
40,F,Y,5,Y,Husband,HSLC,Agriculture,9,12,Business,9,9,Fishery,6,12,Yes,Land,15000,10000,1
31,F,N,4,N,None,HS,Agriculture,8,3,Chicken farming,8,20,No skill,0,0,Yes,Land,20000,13000,0
30,M,N,3,Y,None,BA,Agriculture,9,18,Vegetable Vendor,9,8,No skill,0,0,No,Land,16000,9000,1
50,M,Y,3,Y,None,Class IX,Beetlenut Plantation,9,14,Pig Farming,7,9,No skill,0,0,No,"Land,pond",16000,8000,1
55,F,Y,4,N,None,BA ,Fishery,9,20,Beetlenut Plantation,7,7,Business,9,12,No,Land,15000,12000,0
40,F,Y,6,N,None,BA ,Agriculture,9,15,Fishery,9,15,No skill,0,0,Yes,"Land,machine",18000,20000,1
57,M,Y,4,Y,None,Class VII,Agriculture,9,20,Business,9,3,Agriculture,4,15,No,"Land,pond",30000,6000,1
38,M,Y,3,N,None,HSLC,Agriculture,9,20,Business,9,8,Business,4,10,No,Land,16000,7000,0
32,M,Y,5,Y,None,HSLC,Agriculture,9,15,Medical Plant,8,6,No skill,0,0,No,Land,13000,18000,1
38,M,N,3,Y,Mother ,MCA,Beetlenut Plantation,9,15,Beetlenut Plantation,9,10,No skill,0,0,No,Land,10000,35000,1
31,M,Y,4,N,Son,HS,Agriculture,9,1,Agriculture,8,8,Horticulture,7,6,No,Land,14000,10000,0
27,M,Y,5,Y,None,BA,Agriculture,8,8,Business,8,14,Fishery,9,1.5,No,Land,10000,7000,1
37,M,Y,3,Y,Son,Class VII,Agriculture,6,15,Pig Farming,8,10,Handicraft,4,5,No,Land,11000,18000,0
24,F,Y,4,Y,None,HS,Agriculture,6,20,Bamboo plantation,8,8,No skill,0,0,No,Land,17000,10000,0
48,M,N,6,Y,None,HS,Pig Farming,9,1,Beetlenut Plantation,9,20,No skill,0,0,No,Land,20000,13000,0
36,F,Y,4,N,None,HS,Agriculture,9,15,Bamboo plantation,9,4,Fishery,4,5,No,Land,18000,10000,0
43,M,N,3,Y,Husband,MCA,Agriculture,7,4,Business,7,15,No skill,0,0,No,"Land,machine",18000,6000,0
72,M,Y,4,Y,Father,BA,Agriculture,9,15,Vegetable Vendor,9,6,No skill,0,0,No,Land,45000,8000,1
37,M,Y,4,Y,None,BA ,Agriculture,7,15,Business,8,9,No skill,0,0,No,Land,15000,30000,0
38,F,Y,2,N,None,HSLC,Agriculture,9,14,Business,8,5,No skill,0,0,No,Land,8000,11000,0
50,F,Y,4,N,None,HSLC,Agriculture,9,11,E-Rickshaw,8,7,Pig Farming,7,1.5,No,Land,11000,8000,0
30,F,Y,5,Y,Son,HS,Folding hotel ,9,30,Vegetable Vendor,8,7,Business,4,1.5,No,Land,56000,10000,1
45,M,Y,3,Y,None,HSLC,Agriculture,9,20,Pig Farming,9,3,Beetlenut Plantation,8,14,No,Land,40000,10000,1
35,F,Y,3,Y,Son,HS,Agriculture,9,12,Beetlenut Plantation,9,15,Fishery,4,6,No,Land,18000,10000,1
48,F,Y,2,Y,Husband ,Class VII,Agriculture,9,15,Business,9,8,No skill,0,0,No,"Land,machine",10000,20000,1
40,M,Y,4,Y,Husband,BSc,Beetlenut Plantation,7,15,Fishery,8,12,Bamboo plantation,4,9,Yes,Land,15000,8000,1
39,M,Y,3,Y,None,BA ,Agriculture,8,15,Beetlenut Plantation,9,7,Beetlenut Plantation,9,1.5,No,Land,11000,6000,1
56,F,Y,4,Y,None,Class VII,Agriculture,9,4,Beetlenut Plantation,8,7,No skill,0,0,No,No ownership,40000,10000,0
54,M,Y,4,Y,None,Class VI,Agriculture,9,32,E-Rickshaw,8,8,No skill,0,0,No,Land,18000,10000,1
47,M,Y,3,Y,None,BA,Agriculture,9,5,banana plantation,7,25,No skill,0,0,No,Land,20000,6000,0
57,F,Y,4,Y,None,HSLC,Agriculture,9,15,Bamboo plantation,6,7,No skill,0,0,No,Land,28000,35000,1
38,M,Y,4,Y,None,Class VII,Agriculture,9,18,Beetlenut Plantation,8,6,Agriculture,4,5,No,Land,18000,30000,1
41,M,Y,3,N,None,Class VIII,Agriculture,9,15,Beetlenut Plantation,9,14,Agriculture,9,12,No,Land,19000,7000,1
68,M,Y,7,Y,None,HSLC,Agriculture,9,5,Business,8,8,No skill,0,0,No,Land,40000,18000,0
35,M,Y,2,Y,None,HS,Agriculture,8,8,Beetlenut Plantation,8,5,No skill,0,0,No,No ownership,16000,15000,0
60,M,Y,4,N,None,Class VII,Agriculture,9,18,Fishery,8,6,No skill,0,0,No,No ownership,16000,6000,0
38,M,Y,2,N,None,HSLC,Agriculture,9,8,E-Rickshaw,9,8,Business,8,1.5,Yes,Land,15000,9000,0
39,F,Y,3,Y,None,Class VII,Agriculture,9,32,Beetlenut Plantation,6,8,No skill,0,0,No,Land,13000,10000,1
27,F,Y,6,N,None,HS,Beetlenut Plantation,9,14,Beetlenut Plantation,9,8,Handicraft,6,5,Yes,Land,55000,8000,0
29,M,Y,4,N,None,BA,Agriculture,8,19,Beetlenut Plantation,8,4,No skill,0,0,No,Land,12000,8000,0
29,M,Y,6,N,None,HS,Agriculture,7,13,Business,9,18,Business,9,5,No,Land,19000,10000,0
37,M,Y,3,Y,Father,HS,Agriculture,9,18,Agriculture,9,15,No skill,0,0,No,Land,16000,7000,1
54,M,Y,4,Y,Husband ,HS,Fishery,7,20,Vegetable Vendor,9,12,No skill,0,0,No,Land,20000,12000,1
28,M,Y,4,Y,None,BA,Agriculture,9,20,Business,8,8,Beetlenut Plantation,6,9,No,Land,14000,7000,1
49,M,N,4,N,son,HS,Agriculture,5,5,Handicraft,6,7,No skill,0,0,No,Land,55000,9000,0
24,M,Y,4,N,None,MCA,Beetlenut Plantation,9,18,Fishery,9,2,No skill,0,0,No,Land,18000,7000,0
70,M,Y,3,Y,Husband,MCA,Agriculture,9,30,Folding Hotel ,7,8,Agriculture,9,7,No,Land,12000,8000,1
48,M,Y,4,N,None,Class VII,Agriculture,9,20,Handicraft,9,8,Fishery,4,1.5,No,Land,20000,35000,0
64,M,Y,3,Y,None,HSLC,Agriculture,8,5,Beetlenut Plantation,8,2,Beetlenut Plantation,8,30,No,"Land,pond",18000,9000,0
40,F,Y,9,Y,Son,HSLC,Agriculture,9,15,Handicraft,8,8,Bamboo plantation,7,5,No,Land,16000,11000,1
49,M,Y,3,Y,None,HS,Agriculture,9,12,Beetlenut Plantation,9,4,No skill,0,0,No,Land,15000,8000,1
48,F,Y,4,Y,None,BA,Pig Farming,9,42,Bamboo plantation,7,8,No skill,0,0,Yes,Land,15000,30000,1
39,F,Y,3,Y,Husband,Class VII,Agriculture,9,30,Fishery,9,4,Contractor,9,6,No,Land,10000,8000,1
30,M,Y,3,Y,None,HSLC,Agriculture,9,20,Business,9,9,Handicraft,8,7,No,No ownership,14000,7000,1
36,M,N,4,Y,Son,HS,Beetlenut Plantation,9,8,Business,7,12,No skill,0,0,No,Land,20000,8000,1
23,M,Y,4,Y,None,BA,Agriculture,9,13,Vegetable Vendor,9,25,Fishery,4,10,Yes,Land,15000,8000,1
38,M,Y,4,Y,None,Class VIII,Pig Farming,9,25,Bamboo plantation,8,8,Bamboo plantation,8,5,No,"Land,pond",11000,9000,1
68,M,N,8,N,son,HSLC,Pig Farming,7,18,Beetlenut Plantation,9,15,No skill,0,0,No,Land,13000,20000,0
52,M,Y,3,N,Husband,HS,Agriculture,9,11,Agriculture,9,7,No skill,0,0,No,Land,15000,8000,0
48,M,Y,6,Y,None,Class IX,Agriculture,9,5,Rubber Plantation,8,2,No skill,0,0,No,Land,18000,25000,0
28,F,Y,4,Y,None,Class VII,Agriculture,9,15,Beetlenut Plantation,8,5,No skill,0,0,No,Land,11000,10000,1
66,M,N,4,N,None,HSLC,Agriculture,9,8,Rubber Plantation,9,7,No skill,0,0,No,"Land,machine",11000,20000,0
64,F,Y,4,Y,None,PhD,Strawberry Cultivation,8,18,Medical Plant,8,8,Fishery,4,7,No,"Land,machine",48000,8000,1
36,M,Y,3,N,None,Class V,Agriculture,9,2,Vegetable Vendor,6,5,Handicraft,4,1.5,No,Land,20000,18000,0
40,F,Y,3,N,None,HSLC,Agriculture,9,30,Business,9,8,No skill,0,0,No,Land,20000,8000,0
47,M,Y,3,Y,None,HS,Pig Farming,8,18,Medical Plant,8,7,No skill,0,0,No,No ownership,18000,8000,1
41,F,Y,3,N,None,BA ,Agriculture,9,32,Beetlenut Plantation,8,15,No skill,0,0,No,Land,14000,15000,0
38,M,Y,3,Y,None,Class VIII,Agriculture,9,15,Beetlenut Plantation,7,4,No skill,0,0,No,Land,25000,7000,1
54,M,N,6,Y,None,Class IV,Agriculture,9,14,No skill,0,0,Horticulture,4,1.5,No,Land,26000,6000,1
30,M,Y,3,Y,None,HS,Agriculture,7,18,Business,9,4,Pig Farming,4,3,No,Land,18000,35000,1
40,F,Y,4,Y,None,HS,Agriculture,9,12,Business,7,8,No skill,0,0,No,Land,16000,9000,1
39,M,Y,4,Y,None,Class IV,Agriculture,9,15,Medical Plant,9,6,No skill,0,0,No,Land,12000,12000,1
54,M,Y,3,N,None,MSc,Agriculture,9,8,fastfoodhop,9,3,Beetlenut Plantation,4,5,No,"Land,pond",8000,7000,0
28,M,N,7,N,Father,HSLC,Agriculture,9,18,Business,8,12,No skill,0,0,No,No ownership,35000,35000,0
32,M,Y,4,Y,None,HS,Beetlenut Plantation,8,8,Vegetable Vendor,9,25,No skill,0,0,No,Land,45000,10000,1
47,M,Y,4,N,None,Class V,Pig Farming,9,12,Bamboo plantation,9,7,Referee trainee for football,4,1.5,No,Land,14000,20000,0
40,M,N,6,Y,None,Class VII,Agriculture,9,14,Bamboo plantation,8,2,Fishery,4,1.5,No,No ownership,11000,5000,1
28,F,Y,4,N,None,HS,Agriculture,9,4,Beetlenut Plantation,9,5,Store of traditional dresses,4,7,No,Land,40000,4000,0
45,M,N,3,N,Husband,HSLC,Agriculture,9,12,Folding Hotel ,8,7,Handicraft,8,1.5,No,Land,10000,32000,0
38,F,Y,4,Y,None,Class VII,Agriculture,9,5,Agriculture,9,10,No skill,0,0,No,"Land,pond ",30000,9000,0
67,M,Y,3,Y,None,HS,Agriculture,7,20,Dairy Farm,8,8,Agriculture,4,1.5,No,Land,15000,10000,1
40,F,Y,4,Y,Father,HSLC,Handloom worker,9,8,Rubber Plantation,9,10,Handicraft,4,3,No,Land,15000,28000,1
54,F,Y,5,Y,None,HSLC,Agriculture,9,5,Business,8,15,Chicken Farming,7,7,No,Land,16000,9000,0
70,F,Y,4,Y,None,BA,Beetlenut Plantation,8,18,Vegetable Vendor,8,5,No skill,0,0,No,Land,12000,8000,1
35,M,Y,6,Y,Wife,HSLC,Agriculture,9,5,Pig Farming,6,15,Fishery,4,8,No,Land,11000,7000,0
40,M,Y,4,Y,Husband,HSLC,Agriculture,9,32,Pig Farming,9,7,Agriculture,7,1.5,No,Land,30000,9000,1
38,F,Y,6,Y,Son,HSLC,Agriculture,9,2,Bamboo plantation,9,5,Beetlenut Plantation,4,12,No,Land,48000,5000,0
61,F,Y,9,Y,None,HS,Agriculture,9,9,Fishery,9,4,No skill,0,0,No,Land,11000,20000,1
44,M,Y,4,Y,Son,HS,Agriculture,9,1,Pig Farming,9,7,No skill,0,0,No,Land,10000,7000,0
38,M,Y,4,Y,None,HSLC,Agriculture,7,5,Fishery,9,7,No skill,0,0,No,Land,16000,28000,0
35,F,Y,6,Y,None,MCA,Agriculture,9,18,Vegetable Vendor,9,4,Contractor,9,7,No,Land,11000,6000,1
45,M,Y,2,Y,None,BA,Agriculture,9,7,Bamboo plantation,9,6,No skill,0,0,No,Land,15000,18000,1
32,M,Y,3,Y,None,HSLC,Agriculture,9,15,Vegetable Vendor,8,4,Chicken Farming,4,9,No,Land,15000,12000,1
54,M,Y,4,Y,Son,Class VI,Agriculture,9,12,Bamboo plantation,9,8,Business,9,1.5,No,Land,25000,10000,1
45,F,Y,5,N,None,HSLC,Agriculture,9,14,Business,8,4,Handicraft,9,18,No,Land,9000,8000,0
34,M,N,3,N,Son,HSLC,Agriculture,9,30,Vegetable Vendor,8,10,Fishery,8,15,No,Land,15000,18000,0
42,M,Y,3,Y,None,BA,Agriculture,9,12,Business,9,2,Fishery,4,7,No,Land,11000,5000,1
28,M,Y,10,Y,Son,HS,Agriculture,7,32,Vegetable Vendor,8,25,No skill,0,0,No,Land,16000,18000,1
48,M,Y,3,Y,Husband,HSLC,Pig Farming,9,4,Business,8,5,No skill,0,0,No,Land,14000,11000,0
42,M,Y,7,N,Wife,HS,Agriculture,9,15,Beetlenut Plantation,9,8,No skill,0,0,No,Land,11000,18000,0
40,F,Y,4,Y,None,HS,Agriculture,9,11,Dairy Farm,8,9,Pig Farming,8,1.5,No,Land,15000,6000,1
43,F,Y,6,N,None,HSLC,Agriculture,9,8,Fishery,7,25,Handicraft,8,9,No,Land,9000,8000,0
45,M,Y,3,Y,Son,HS,Beetlenut Plantation,9,2,Beetlenut Plantation,7,6,No skill,0,0,No,Land,18000,8000,0
48,F,Y,6,Y,Son,BA,Agriculture,9,20,Bamboo plantation,8,15,Fishery,9,1.5,No,Land,12000,6000,1
37,F,Y,4,Y,None,BSc,Agriculture,9,32,Rubber Plantation,9,8,No skill,0,0,No,Land,13000,9000,1
52,M,N,5,Y,None,HSLC,Agriculture,9,15,Business,9,7,Fishery,4,10,No,Land,15000,7000,1
44,M,Y,4,Y,Husband,HS,Agriculture,9,5,Vegetable Vendor,8,8,No skill,0,0,No,Land,9000,12000,0
38,M,Y,3,Y,Husband,HSLC,Beetlenut Plantation,9,15,Bamboo plantation,6,9,Chicken Farming,9,1.5,No,No ownership,14000,6000,1
38,F,Y,4,Y,None,HSLC,Agriculture,9,18,Beetlenut Plantation,8,8,Business,9,7,No,Land,8000,18000,1
49,M,Y,4,Y,Son,HS,Agriculture,9,8,Beetlenut Plantation,9,7,No skill,0,0,No,Land,12000,8000,1
64,M,Y,4,Y,Father,HS,Agriculture,9,5,Bamboo plantation,6,8,Fishery,9,16,No,Land,15000,10000,0
49,M,N,5,Y,Husband,BA,Agriculture,9,15,Business,8,12,No skill,0,0,No,Land,40000,7000,1
49,F,Y,7,Y,Son,HSLC,Agriculture,9,18,Bamboo plantation,9,10,No skill,0,0,No,Land,12000,9000,1
48,M,N,4,N,None,Class III,Agriculture,9,2,Business,9,16,Business,7,7,No,"Land,pond",11000,35000,0
40,M,Y,3,N,None,BA,Agriculture,9,12,Bamboo plantation,8,8,No skill,0,0,No,Land,16000,9000,0
36,F,N,3,Y,None,HSLC,Agriculture,9,25,Beetlenut Plantation,9,9,Handicraft,9,1.5,No,Land,18000,8000,1
64,F,Y,4,Y,Father,HSLC,Agriculture,9,20,Beetlenut Plantation,8,7,No skill,0,0,No,Land,10000,6000,1
40,M,Y,5,Y,None,MCA,Agriculture,9,12,Bamboo plantation,8,6,Chicken Farming,8,6,No,Land,8000,25000,1
38,M,Y,4,Y,None,BA,Agriculture,9,14,Beetlenut Plantation,8,8,Fishery,6,15,No,Land,14000,7000,1
28,F,Y,3,Y,None,HSLC,Agriculture,9,50,Bamboo plantation,6,3,Agriculture,4,1.5,No,Land,14000,30000,1
38,F,Y,7,N,None,Class V,Business,9,25,Bamboo plantation,8,25,Store of traditional dresses,4,1.5,No,Land,16000,6000,0
28,M,Y,3,Y,None,Class IX,Agriculture,9,30,Bamboo plantation,9,4,Handicraft,9,1.5,No,"Land,machine",12000,10000,1
29,M,Y,5,Y,None,HS,Agriculture,9,11,Beetlenut Plantation,9,4,No skill,0,0,No,Land,10000,6000,1
39,M,N,3,Y,None,HS,Agriculture,9,14,Beetlenut Plantation,9,4,No skill,0,0,No,Land,45000,9000,1
42,F,Y,3,N,None,HSLC,Agriculture,9,10,Chicken farming,9,5,Chicken Farming,8,5,No,Land,15000,10000,0
45,M,Y,6,N,None,Class VI,Agriculture,9,8,Business,9,18,No skill,0,0,No,No ownership,16000,9000,0
40,M,Y,5,Y,Wife,HSLC,Agriculture,9,4,fastfoodhop,9,6,No skill,0,0,No,Land,12000,7000,0
70,F,Y,4,N,None,HS,Agriculture,8,14,Business,8,25,No skill,0,0,No,"Land,pond",18000,6000,0
50,M,Y,9,Y,Son,Class VII,Agriculture,9,42,Vegetable Vendor,7,5,Mushroom cultivation ,4,20,No,Land,56000,10000,1
72,M,Y,3,Y,Son,MCA,Agriculture,9,12,Agriculture,8,10,No skill,0,0,No,Land,14000,30000,1
40,M,Y,4,Y,None,HS,Driver,9,5,Business,9,5,No skill,0,0,No,No ownership,26000,8000,0
27,M,N,3,N,Husband ,HS,Agriculture,9,32,Beetlenut Plantation,9,12,Store of traditional dresses,4,6,No,Land,11000,7000,1
69,F,Y,3,Y,None,HS,Agriculture,9,8,Handicraft,8,15,Beetlenut Plantation,4,25,No,Land,16000,10000,1
38,M,Y,5,N,Husband ,HSLC,Agriculture,5,4,Vegetable Vendor,8,9,Handicraft,8,5,No,Land,48000,12000,0
41,M,Y,4,Y,None,Class VII,Agriculture,9,4,Medical Plant,9,7,No skill,0,0,No,Land,42000,9000,0
40,F,Y,7,Y,Son,HS,Fishery,9,3,Vegetable Vendor,8,15,No skill,0,0,No,Land,18000,13000,0
68,F,Y,3,Y,Husband ,HS,Tea Plantation ,9,8,Vegetable Vendor,9,8,Agriculture,9,6,No,Land,10000,7000,1
42,M,Y,4,Y,None,HSLC,Agriculture,9,20,Agriculture,9,7,No skill,0,0,No,Land,20000,8000,1
50,F,Y,3,Y,None,HSLC,Agriculture,9,13,Business,9,9,No skill,0,0,No,Land,10000,20000,1
54,M,Y,0,N,None,PhD,Beetlenut Plantation,6,1,Rice Mill,9,5,No skill,0,0,No,Land,9000,6000,0
42,F,Y,4,Y,None,HSLC,Shop ,9,3,Business,8,10,No skill,0,0,No,Land,10000,9000,0
41,M,Y,4,N,None,Class VIII,Agriculture,9,13,Beetlenut Plantation,7,4,Fishery,7,6,No,Land,10000,8000,0
41,F,Y,3,N,None,HSLC,Agriculture,9,14,Medical Plant,8,7,No skill,0,0,No,No ownership,15000,9000,0
32,F,Y,4,N,None,Class III,Agriculture,9,2,Fishery,9,7,No skill,0,0,No,Land,16000,5000,0
50,M,Y,4,N,None,Class VII,Agriculture,9,38,Business,8,9,Chicken Farming,8,3,No,Land,12000,5000,0
54,M,Y,7,Y,None,HS,Agriculture,9,32,Business,9,8,No skill,0,0,No,Land,11000,6000,1
33,M,Y,8,Y,None,HSLC,Agriculture,9,30,Beetlenut Plantation,9,10,Business,4,1.5,No,No ownership,11000,10000,1
30,M,Y,7,Y,Husband,MSc,Agriculture,9,15,Beetlenut Plantation,9,3,No skill,0,0,No,No ownership,16000,6000,1
38,F,Y,3,N,None,BA,Agriculture,9,32,Bamboo plantation,9,25,Bamboo plantation,4,1.5,No,Land,20000,35000,1
44,F,Y,5,Y,None,HS,Beetlenut Plantation,6,20,Vegetable Vendor,8,15,Agriculture,4,2,No,Land,15000,9000,0
64,M,Y,3,Y,None,HSLC,Agriculture,9,45,Vegetable Vendor,6,8,No skill,0,0,No,Land,16000,28000,1
32,F,Y,3,Y,None,HSLC,Pig Farming,7,5,Vegetable Vendor,6,6,No skill,0,0,No,Land,125000,10000,0
39,M,N,2,Y,None,HSLC,Pig Farming,7,15,Business,9,9,No skill,0,0,No,Land,18000,20000,1
48,M,Y,5,Y,Brother,HSLC,Agriculture,5,30,Medical Plant,8,2,No skill,0,0,No,"Land,machine",65000,12000,0
38,M,Y,3,N,None,HS,Agriculture,7,14,Agriculture,9,8,No skill,0,0,No,Land,28000,7000,0
38,M,Y,3,N,Husband,HSLC,Agriculture,9,12,Business,9,8,Beetlenut Plantation,4,6,No,"Land,pond",15000,7000,0
48,M,Y,4,N,Father,HSLC,Agriculture,9,7,Beetlenut Plantation,9,6,e-rikshaw driver(owner),6,2,Yes,"Land,pond",11000,9000,0
48,M,N,4,Y,None,HS,Agriculture,0,3,Business,9,4,Handicraft,8,2,No,Land,16000,7000,0
49,M,N,4,Y,None,Class VII,Agriculture,9,10,Vegetable Vendor,8,25,No skill,0,0,No,Land,48000,35000,1
45,M,Y,3,Y,None,HSLC,Agriculture,9,18,Agriculture,8,15,No skill,0,0,No,"Land,machine",10000,32000,1
48,F,N,4,N,Son,MCA,Agriculture,9,3,Beetlenut Plantation,9,5,Bamboo plantation,4,1.5,No,Land,11000,7000,0
70,M,Y,4,N,None,HS,Beetlenut Plantation,9,4,Beetlenut Plantation,9,3,No skill,0,0,No,Land,15000,8000,0
32,M,Y,5,Y,None,Class VIII,Agriculture,9,15,Beetlenut Plantation,9,7,Pig Farming,4,6,Yes,Land,16000,9000,1
28,M,N,2,Y,None,HSLC,Agriculture,9,2,Business,6,8,Fishery,7,5,No,Land,18000,8000,0
24,M,Y,5,Y,None,HSLC,Agriculture,5,7,Fishery,8,12,No skill,0,0,No,Land,15000,13000,0
47,F,Y,4,Y,None,HSLC,Sericulture,9,3,Fishery,7,9,No skill,0,0,No,Land,16000,8000,0
54,M,Y,7,Y,None,HS,Agriculture,9,38,Rubber Plantation,6,7,No skill,0,0,No,No ownership,45000,5000,1
29,F,Y,4,Y,None,PhD,Agriculture,9,20,Pig Farming,8,12,Store of traditional dresses,4,1.5,No,Land,18000,8000,1
37,F,Y,4,Y,None,HS,Agriculture,9,15,Bamboo plantation,9,8,Beetlenut Plantation,8,1.5,No,Land,45000,11000,1
38,M,Y,3,N,None,HS,Agriculture,9,3,Business,9,10,No skill,0,0,No,Land,18000,20000,0
37,M,N,4,Y,None,HSLC,Agriculture,9,7,Bamboo plantation,8,8,Beetlenut Plantation,4,1.5,Yes,Land,16000,5000,0
31,M,Y,4,Y,None,HSLC,Agriculture,9,20,Business,8,5,Business,4,3,No,Land,8000,10000,1
47,M,Y,4,N,Wife,HSLC,Agriculture,9,2,Beetlenut Plantation,6,6,Horticulture,8,15,Yes,Land,15000,17000,0
32,M,Y,4,Y,None,HS,Beetlenut Plantation,9,5,Vegetable Vendor,6,7,No skill,0,0,No,Land,16000,10000,0
36,M,Y,3,N,None,HSLC,Agriculture,9,14,Bamboo plantation,9,12,No skill,0,0,No,Land,13000,22000,1
49,F,Y,3,Y,None,HS,Business,9,13,Beetlenut Plantation,9,5,No skill,0,0,No,"Land,pond, machines",16000,7000,1
41,F,Y,3,N,None,HS,Agriculture,9,5,Beetlenut Plantation,9,8,No skill,0,0,No,Land,48000,8000,0
45,M,Y,7,N,Husband,Class III,Agriculture,8,25,Business,9,20,No skill,0,0,No,Land,55000,9000,0
37,F,Y,4,N,None,Class IV,Agriculture,9,2,small Business,9,5,Business,9,5,No,No ownership,12000,7000,0
52,M,Y,5,N,None,HSLC,Agriculture,9,8,Vegetable Vendor,8,14,No skill,0,0,No,Land,56000,7000,0
29,M,Y,7,Y,None,HS,Agriculture,9,30,Beetlenut Plantation,9,15,No skill,0,0,No,Land,15000,6000,1
37,M,Y,3,Y,None,Class VII,Agriculture,9,3,Dairy Farm,8,14,Fishery,8,12,No,Land,48000,10000,0
35,M,Y,4,Y,Wife,BA ,Agriculture,9,20,Pig Farming,8,4,Pig Farming,8,1.5,No,Land,11000,8000,1
32,M,Y,4,Y,Son,HS,Agriculture,9,12,Folding Hotel ,9,12,No skill,0,0,No,Land,65000,9000,1
29,M,Y,4,N,Wife,Class IX,Agriculture,9,20,Agriculture,9,7,Agriculture,6,7,Yes,Land ,16000,7000,0
64,F,N,6,Y,None,HSLC,Agriculture,9,25,Beetlenut Plantation,8,25,Agriculture,8,20,No,Land,26000,22000,1
45,M,Y,4,N,None,HS,Agriculture,9,15,Beetlenut Plantation,9,12,No skill,0,0,No,No ownership,11000,10000,1
58,F,Y,2,Y,None,HSLC,Agriculture,9,30,Beetlenut Plantation,9,8,No skill,0,0,No,Land,12000,8000,1
36,M,Y,4,N,None,Class VII,Fishery,9,32,Beetlenut Plantation,9,20,No skill,0,0,No,"Land,machine",15000,7000,1
39,M,Y,9,Y,None,Class VII,Agriculture,9,3,Vegetable Vendor,8,8,No skill,0,0,No,Land,12000,7000,0
27,M,Y,4,Y,None,HSLC,Agriculture,9,15,Business,8,15,No skill,0,0,No,Land ,18000,10000,1
50,M,Y,9,Y,Son,Class IX,Agriculture,9,15,Beetlenut Plantation,8,7,No skill,0,0,No,Land,56000,13000,1
24,M,Y,4,Y,Son,HS,Agriculture,9,7,Business,9,5,Handicraft,4,1.5,No,"Land,machine",10000,18000,1
31,M,Y,3,Y,None,MSc,Agriculture,9,38,Fishery,6,12,No skill,0,0,No,"Land,vehicle",15000,20000,1
45,M,N,4,N,None,HSLC,Beetlenut Plantation,6,30,Business,9,8,No skill,0,0,No,Land,35000,13000,0
40,M,Y,3,Y,None,HS,Agriculture,9,20,Business,9,4,No skill,0,0,No,Land,25000,8000,1
37,M,Y,2,Y,Husband,BA,Agriculture,9,7,Beetlenut Plantation,9,6,Contractor,8,25,No,"Land,pond",20000,7000,1
30,M,Y,3,N,None,Class VI,Agriculture,9,12,Business,9,10,Horticulture,9,5,No,Land,36000,6000,1
38,M,Y,3,Y,None,HS,Agriculture,9,12,Business,8,8,Fishery,4,12,No,No ownership,26000,6000,1
29,F,Y,4,N,None,MCA,Agriculture,9,15,Bamboo plantation,9,4,No skill,0,0,No,Land,11000,8000,0
24,M,Y,3,Y,None,HSLC,Agriculture,9,18,Rubber Plantation,8,8,No skill,0,0,No,Land,15000,15000,1
43,M,Y,3,Y,None,HSLC,Agriculture,9,3,Vegetable Vendor,9,15,Beetlenut Plantation,9,8,No,Land,18000,8000,0
42,M,Y,5,N,son,HS,Beetlenut Plantation,9,15,Dairy Farm,8,7,No skill,0,0,No,Land,16000,6000,0
35,M,Y,6,Y,None,HSLC,Handicraft,9,12,Dairy Farm,9,8,No skill,0,0,No,Land,11000,10000,1
40,M,Y,3,Y,Husband,HSLC,Agriculture,9,12,Beetlenut Plantation,9,4,Horticulture,4,5,No,Land,26000,15000,1
50,M,Y,4,N,None,HS,Agriculture,9,5,Business,8,8,No skill,0,0,No,Land,65000,30000,0
29,M,Y,3,Y,None,BA,Agriculture,9,21,No skill,0,0,Chicken Farming,7,1.5,No,No ownership,11000,28000,1
33,M,Y,5,N,None,HSLC,Agriculture,9,12,Beetlenut Plantation,9,4,No skill,0,0,No,Land,15000,10000,0
48,M,Y,9,N,Son,HSLC,Pig Farming,8,10,Rubber Plantation,9,4,No skill,0,0,No,Land,9000,30000,0
28,F,Y,3,Y,None,Class III,Business,8,15,Business,9,5,Handicraft,4,6,No,Land,15000,9000,1
47,M,Y,5,N,Wife,HS,Pig Farming,9,4,Business,9,5,No skill,0,0,No,Land,18000,7000,0
40,M,N,7,N,None,HS,Agriculture,9,5,Beetlenut Plantation,8,18,Business,4,14,No,Land,13000,20000,0
28,M,Y,10,Y,None,MSc,Agriculture,9,18,Beetlenut Plantation,9,15,Handicraft,4,9,No,Land,15000,7000,1
32,M,N,5,Y,None,HSLC,Agriculture,9,5,Vegetable Vendor,7,6,No skill,0,0,No,Land,12000,30000,0
35,F,Y,2,N,None,HSLC,Agriculture,9,38,Business,8,15,Chicken Farming,6,21,No,Land,28000,22000,0
28,F,Y,4,Y,None,HSLC,Agriculture,9,13,Business,8,15,No skill,0,0,No,Land,12000,7000,1
50,F,Y,7,N,Husband,BCom,Beetlenut Plantation,9,12,Business,8,4,Bamboo plantation,4,3,Yes,Land,16000,35000,0
32,M,Y,4,N,Father ,Class VII,Agriculture,8,5,Beetlenut Plantation,9,8,No skill,0,0,No,"Land,machine",28000,8000,0
44,F,Y,4,N,None,BCom,Pig Farming,9,1,Business,9,12,Fishery,9,7,No,Land,15000,35000,0
29,F,Y,4,N,None,HS,Agriculture,7,1,Agriculture,9,4,Bamboo plantation,4,1.5,No,Land,16000,8000,0
40,M,Y,4,Y,Husband,HS,Medical plant research,9,50,Business,9,4,Beetlenut Plantation,9,1.5,No,Land,18000,25000,1
54,F,Y,5,Y,None,HS,Agriculture,8,15,Fishery,8,7,No skill,0,0,Yes,Land,11000,8000,0
42,F,Y,3,Y,None,HSLC,Agriculture,9,20,Vegetable Vendor,9,8,Pig Farming,4,7,No,Land,55000,8000,1
30,M,N,4,Y,None,HS,Strawberry Cultivation,9,13,Beetlenut Plantation,9,25,Handicraft,9,9,No,Land,12000,13000,1
43,F,Y,3,N,None,HS,Agriculture,9,15,Dairy Farm,7,4,No skill,0,0,No,Land,55000,17000,0
45,M,Y,3,Y,Husband,Class VII,Agriculture,9,7,Bamboo plantation,9,14,Agriculture,8,6,No,Land,15000,7000,1
49,F,Y,3,Y,Father,HSLC,Agriculture,9,20,Beetlenut Plantation,9,7,Pig Farming,9,10,No,Land,15000,10000,1
35,M,Y,2,Y,None,HSLC,Agriculture,9,2,Beetlenut Plantation,8,12,Pig Farming,6,9,No,Land,26000,7000,0
48,M,Y,4,N,None,BSc,Agriculture,9,5,Beetlenut Plantation,8,10,No skill,0,0,No,Land,19000,9000,0
40,F,Y,4,N,None,HS,Agriculture,9,20,Medical Plant,9,15,No skill,0,0,Yes,Land,42000,8000,1
28,F,Y,2,Y,None,HSLC,Agriculture,9,20,Beetlenut Plantation,9,7,No skill,0,0,No,Land,16000,6000,1
33,M,Y,4,Y,Father ,PhD,Agriculture,9,11,small Business,7,6,Pig Farming,8,2,No,Land,12000,10000,1
49,M,Y,3,Y,Son,BA ,Beetlenut Plantation,9,7,Dairy Farm,9,4,Bamboo plantation,4,1,No,"Land,pond",25000,8000,1
31,F,Y,6,Y,None,HSLC,Agriculture,9,9,Vegetable Vendor,8,10,Agriculture,9,1.5,No,No ownership,45000,9000,1
37,M,N,6,N,None,HSLC,Business,9,1,Beetlenut Plantation,9,8,No skill,0,0,No,Land,28000,10000,0
40,M,Y,5,N,None,BA ,Agriculture,9,30,Beetlenut Plantation,8,9,Mushroom cultivation ,9,7,No,Land,12000,11000,0
40,F,Y,3,N,None,BA,Agriculture,9,12,Beetlenut Plantation,9,8,No skill,0,0,No,Land,19000,6000,0
35,F,Y,4,Y,Father ,HS,Agriculture,8,32,Business,9,4,No skill,0,0,No,Land,18000,40000,1
57,M,Y,3,N,Father ,Class VI,Beetlenut Plantation,9,25,Fishery,6,7,Business,9,21,No,"Land,pond",17000,12000,0
54,M,Y,3,Y,None,HSLC,Agriculture,9,32,Bamboo plantation,9,8,Horticulture,4,12,No,Land,15000,6000,1
45,M,Y,4,Y,None,HSLC,Agriculture,9,25,Bamboo plantation,9,9,Business,4,10,No,No ownership,16000,35000,1
38,F,Y,3,Y,None,Class VIII,Agriculture,9,13,Beetlenut Plantation,9,12,Pig Farming,6,10,No,Land,11000,8000,1
72,M,Y,5,Y,Wife,HSLC,Agriculture,9,25,Business,9,7,No skill,0,0,No,Land,15000,6000,1
29,F,Y,3,N,Husband,Class VII,Handicraft,9,5,Rice Mill,7,8,Referee trainee for football,8,1.5,No,No ownership,12000,9000,0
38,F,Y,4,N,None,HS,Agriculture,9,20,Medical Plant,9,8,Beetlenut Plantation,8,7,No,Land,20000,8000,0
48,F,Y,5,Y,None,HS,Agriculture,9,38,Business,9,15,e-rikshaw driver(owner),4,2,No,Land,16000,12000,1
35,F,Y,7,N,Son,HSLC,Agriculture,9,20,Vegetable Vendor,8,12,Beetlenut Plantation,4,1.5,No,"Land,pond ",10000,5000,0
54,M,Y,2,Y,None,Class V,Agriculture,9,4,Fishery,8,5,No skill,0,0,No,Land,16000,32000,0
50,F,Y,7,Y,Husband,HS,Agriculture,9,18,Beetlenut Plantation,8,9,Beetlenut Plantation,6,1.5,No,No ownership,11000,10000,1
41,F,N,4,Y,None,HSLC,Agriculture,9,19,Beetlenut Plantation,9,6,Beetlenut Plantation,9,1.5,No,Land,11000,7000,1
41,M,Y,4,Y,None,HSLC,Agriculture,7,1,Fishery,9,3,No skill,0,0,No,No ownership,11000,10000,0
39,M,N,4,Y,None,Class VII,Shop ,9,5,Business,9,12,No skill,0,0,No,Land,21000,6000,0
47,M,N,4,Y,Husband,HS,Agriculture,9,38,Bamboo plantation,9,15,No skill,0,0,No,Land,17000,8000,1
27,F,Y,9,N,None,HSLC,Fishery,9,30,Agriculture,9,8,No skill,0,0,No,Land,10000,15000,0
29,F,Y,4,Y,None,BA,Agriculture,9,7,Beetlenut Plantation,9,12,Fishery,4,5,No,Land,15000,10000,1
52,M,Y,3,Y,Son,HSLC,Agriculture,9,8,Vegetable Vendor,6,10,Bamboo plantation,9,1.5,No,Land,12000,9000,1
40,F,Y,5,N,None,BA,Agriculture,9,8,Pig Farming,9,9,Bamboo plantation,9,18,No,Land,28000,11000,0
56,F,N,3,Y,Son,HS,Agriculture,9,15,Handicraft,8,3,Beetlenut Plantation,7,9,No,Land,18000,13000,1
29,F,Y,3,N,None,BCom,Agriculture,9,25,Business,8,8,No skill,0,0,No,Land,11000,8000,0
48,M,Y,4,N,None,HS,Pig Farming,9,18,Medical Plant,9,10,Agriculture,9,5,No,Land,16000,20000,1
48,M,Y,4,N,None,HSLC,Agriculture,9,18,No skill,0,0,No skill,0,0,No,"Land,vehicle",13000,11000,0
30,M,Y,4,N,None,HS,Agriculture,9,28,Bamboo plantation,8,2,No skill,0,0,Yes,Land,11000,7000,0
58,F,Y,3,Y,None,BA ,Agriculture,9,20,Business,9,5,Business,8,1.5,Yes,Land,11000,8000,1
27,M,Y,8,Y,None,HSLC,Beetlenut Plantation,9,3,Beetlenut Plantation,9,9,No skill,0,0,No,Land ,12000,12000,0
48,F,Y,4,N,None,MSc,Agriculture,9,7,Business,9,15,Fishery,9,12,No,"Land,pond",13000,10000,0
28,M,Y,4,N,None,Class VII,Beetlenut Plantation,9,30,Business,9,15,Pig Farming,9,1.5,No,"Land,pond, machines",14000,18000,1
24,F,Y,2,N,Father ,Class V,Agriculture,9,10,Beetlenut Plantation,8,15,No skill,0,0,No,No ownership,45000,8000,0
37,M,Y,4,N,None,HSLC,Business,9,20,Bamboo plantation,9,11,No skill,0,0,No,Land,12000,9000,1
27,M,N,3,Y,Husband,HSLC,Agriculture,9,13,Dairy Farm,9,10,Pig Farming,9,1.5,No,Land,30000,18000,1
45,F,Y,5,Y,Father,HSLC,Agriculture,9,4,Beetlenut Plantation,9,5,No skill,0,0,No,"Land,vehicle",17000,9000,0
24,F,Y,4,Y,None,HS,Agriculture,7,7,Beetlenut Plantation,9,3,Bamboo plantation,4,25,No,Land,55000,9000,0
48,M,Y,6,Y,Wife,Class VIII,Agriculture,9,15,Beetlenut Plantation,9,15,No skill,0,0,No,Land,11000,9000,1
40,M,Y,4,Y,Son,HSLC,Agriculture,9,2,Business,9,8,Handicraft,9,5,No,Land,20000,6000,0
30,M,Y,4,Y,None,HSLC,Agriculture,9,13,Vegetable Vendor,8,12,Business,9,25,No,Land,48000,6000,1
38,M,Y,3,Y,None,Class VII,Agriculture,7,15,Bamboo plantation,7,7,Agriculture,4,5,No,"Land,machine",10000,9000,1
30,M,Y,3,Y,None,Class III,Medical plant research,9,8,Business,8,8,No skill,0,0,No,Land,10000,15000,1
70,M,Y,3,Y,None,HS,Beetlenut Plantation,9,5,Fishery,9,7,No skill,0,0,No,Land,15000,28000,0
34,F,Y,5,N,None,Class IV,Folding hotel ,9,28,Business,9,8,No skill,0,0,No,No ownership,18000,35000,0
70,M,Y,5,N,None,HSLC,Agriculture,9,13,Bamboo plantation,8,2,e-rikshaw driver(owner),7,12,No,Land,26000,6000,0
27,M,Y,10,Y,None,BA,Agriculture,0,12,Pig Farming,8,7,shop,7,1.5,No,Land,28000,18000,0
35,M,Y,7,Y,None,HS,Agriculture,9,15,Beetlenut Plantation,8,7,Fishery,4,5,No,Land,18000,7000,1
44,F,Y,3,Y,None,HSLC,Agriculture,8,18,Pig Farming,9,7,No skill,0,0,No,Land,15000,11000,1
28,M,Y,4,N,Father,HS,Agriculture,9,18,Beetlenut Plantation,9,3,No skill,0,0,No,Land,25000,7000,0
36,F,Y,2,N,Husband,HSLC,Pig Farming,8,30,Beetlenut Plantation,7,7,Bamboo plantation,9,1.5,Yes,Land,18000,8000,0
38,M,Y,3,Y,None,HSLC,Agriculture,9,3,Handicraft,8,8,No skill,0,0,No,Land ,16000,9000,0
54,F,Y,6,Y,son,HSLC,Agriculture,9,9,Bamboo plantation,6,12,Chicken Farming,9,20,No,Land,40000,7000,1
39,F,N,7,Y,Wife,Class V,Agriculture,9,45,Beetlenut Plantation,9,6,Fishery,4,6,No,"Land,pond",18000,75000,1
48,M,Y,3,N,Father ,HSLC,Agriculture,9,8,Beetlenut Plantation,6,25,Agriculture,7,3,No,Land,15000,8000,0
34,M,Y,5,Y,None,BA ,Agriculture,9,7,Dairy Farm,9,12,Beetlenut Plantation,9,1.5,No,Land,48000,9000,1
40,F,Y,4,Y,None,HS,Agriculture,9,15,Fishery,9,2,No skill,0,0,No,Land,8000,7000,1
37,M,Y,5,Y,Son,HS,Agriculture,9,25,Beetlenut Plantation,7,4,No skill,0,0,No,Land,13000,10000,1
30,F,Y,4,Y,None,HSLC,Agriculture,9,20,Pig Farming,8,15,No skill,0,0,No,Land,12000,45000,1
50,M,Y,3,Y,None,HSLC,Fishery,7,8,Business,7,5,No skill,0,0,No,Land,18000,5000,1
30,M,Y,2,Y,None,Class IV,Agriculture,9,12,E-Rickshaw,8,5,No skill,0,0,No,Land,11000,8000,1
31,M,N,4,Y,None,BA,Agriculture,9,3,Business,9,7,No skill,0,0,No,"Land,pond",15000,10000,0
33,M,Y,5,Y,None,HS,Shop ,9,8,Beetlenut Plantation,9,10,No skill,0,0,No,Land,12000,11000,1
36,F,Y,5,Y,None,Class VIII,Agriculture,9,7,Agriculture,8,15,Fishery,9,2,No,Land,14500,8000,1
30,F,Y,3,N,Husband,HS,Agriculture,9,15,Vegetable Vendor,9,8,No skill,0,0,No,No ownership,14000,75000,0
48,F,Y,4,Y,None,HS,Agriculture,9,18,Business,6,8,Agriculture,9,3,No,Land,65000,7000,1
29,M,Y,4,N,None,HS,Agriculture,9,30,Beetlenut Plantation,5,6,Pig Farming,4,1.5,No,Land,13000,18000,0
35,M,N,4,Y,None,MCA,Agriculture,9,5,fastfoodhop,6,4,No skill,0,0,No,Land,16000,7000,0
55,M,Y,6,N,Wife,HSLC,Agriculture,9,15,Bamboo plantation,9,5,Business,9,6,No,No ownership,11000,17000,0
45,F,Y,3,N,None,MSc,Agriculture,9,7,Business,9,8,Pig Farming,8,1.5,No,Land,14500,8000,0
42,M,Y,8,Y,Son,HS,Agriculture,9,25,Medical Plant,8,7,Agriculture,9,1.5,No,Land,16000,6000,1
32,M,Y,4,Y,None,HSLC,Agriculture,9,25,Business,9,8,No skill,0,0,No,Land,15000,5000,1
38,M,Y,3,Y,Wife,MSc,Sericulture,8,4,Rubber Plantation,7,15,Bamboo plantation,4,6,No,Land,15000,22000,0
40,M,Y,2,N,Son,HS,Agriculture,9,11,Pig Farming,9,7,Agriculture,9,1.5,No,Land,15000,8000,0
28,M,Y,3,Y,None,BA,Agriculture,9,15,Bamboo plantation,9,15,No skill,0,0,No,Land,11000,18000,1
38,F,Y,4,Y,Husband,HS,Agriculture,9,25,Beetlenut Plantation,8,25,No skill,0,0,No,Land,15000,15000,1
54,F,Y,3,N,None,Class V,Agriculture,9,8,Beetlenut Plantation,9,2,No skill,0,0,No,Land,16000,10000,0
68,M,Y,2,N,None,HS,Agriculture,9,5,Beetlenut Plantation,8,5,No skill,0,0,No,Land,12000,35000,0
42,F,Y,4,N,Husband,HSLC,Shop ,9,12,Business,9,4,Beetlenut Plantation,8,25,No,No ownership,10000,8000,0
41,F,Y,3,N,Father,HSLC,Agriculture,7,13,Business,8,8,No skill,0,0,No,Land,125000,22000,0
61,M,N,5,N,None,HS,Agriculture,9,9,No skill,0,0,shop,7,1.5,No,Land,16000,9000,0
34,M,Y,5,Y,None,MSc,Agriculture,9,8,Pig Farming,9,5,Bamboo plantation,8,1.5,No,No ownership,11000,8000,1
48,M,Y,4,Y,None,HS,Agriculture,9,15,Handicraft,6,7,Agriculture,4,10,No,Land,13000,8000,1
38,M,Y,8,Y,None,HSLC,Beetlenut Plantation,9,11,Bamboo plantation,9,12,Beetlenut Plantation,9,2,No,Land,28000,15000,1
38,M,Y,5,N,None,HSLC,Pig Farming,9,12,Fishery,9,2,Referee trainee for football,6,6,Yes,Land,14000,8000,0
49,F,Y,2,Y,None,Class IX,Beetlenut Plantation,7,11,Agriculture,9,18,Fishery,4,5,No,Land,15000,6000,1
29,F,Y,4,Y,None,HSLC,Agriculture,9,30,No skill,0,0,No skill,0,0,No,Land,18000,8000,1
38,M,N,3,N,None,Class VII,Agriculture,7,3,Vegetable Vendor,8,8,No skill,0,0,No,Land,11000,30000,0
40,F,Y,5,Y,None,HS,Agriculture,9,15,No skill,0,0,Business,4,2,No,Land,15000,10000,1
31,M,Y,5,N,None,Class VI,Agriculture,7,15,Beetlenut Plantation,9,12,Beetlenut Plantation,7,1.5,No,Land,14000,12000,0
40,F,Y,5,N,None,BA,Agriculture,8,5,Bamboo plantation,8,25,No skill,0,0,No,Land,15000,8000,0
70,M,Y,7,Y,None,Class VII,Agriculture,8,20,Bamboo plantation,6,6,No skill,0,0,No,No ownership,35000,20000,1
40,F,N,5,Y,None,HSLC,Beetlenut Plantation,9,25,Bamboo plantation,9,8,Chicken Farming,9,2,Yes,Land,15000,9000,1
43,M,Y,5,Y,None,HSLC,Beetlenut Plantation,9,32,small Business,9,5,No skill,0,0,No,No ownership,11000,15000,1
43,M,Y,6,Y,None,HSLC,Business,9,4,Vegetable Vendor,8,18,No skill,0,0,No,"Land,pond ",40000,10000,0
28,M,Y,3,N,None,BA,Pig Farming,9,18,Beetlenut Plantation,9,8,No skill,0,0,No,Land,45000,15000,0
44,F,Y,5,N,None,HSLC,Agriculture,9,20,Vegetable Vendor,9,8,No skill,0,0,No,"Land,pond",10000,6000,0
40,F,N,3,Y,None,HSLC,Agriculture,9,5,Business,9,15,Chicken Farming,8,5,No,Land,15000,7000,0
67,M,Y,5,N,None,HSLC,Agriculture,9,18,Agriculture,8,3,No skill,0,0,No,Land,11000,11000,0
29,M,Y,4,N,None,HSLC,Handicraft,9,45,Fishery,9,7,Mushroom cultivation ,7,1.5,No,Land,13000,18000,0
72,M,N,4,Y,Son,HS,Agriculture,9,2,Pig Farming,8,7,Business,9,6,No,Land,28000,30000,0
30,F,Y,4,N,None,Class V,Agriculture,9,18,Pig Farming,9,6,No skill,0,0,No,"Land,pond ",10000,8000,0
29,F,Y,3,N,None,HSLC,Agriculture,9,20,Beetlenut Plantation,9,6,No skill,0,0,No,Land,12000,8000,0
38,F,N,4,Y,None,HS,Agriculture,9,25,No skill,0,0,No skill,0,0,No,Land,9000,30000,1
45,M,Y,3,N,None,HSLC,Agriculture,9,30,Business,9,10,No skill,0,0,No,Land,15000,8000,1
31,F,Y,7,Y,None,HSLC,Fishery,9,3,fastfoodhop,9,10,No skill,0,0,Yes,Land,10000,8000,0
36,F,Y,5,Y,Husband,HSLC,Agriculture,9,8,Vegetable Vendor,8,12,No skill,0,0,No,Land,20000,7000,1
29,F,Y,3,Y,Husband ,HSLC,Business,0,3,Beetlenut Plantation,9,5,Referee trainee for football,4,30,No,Land,30000,10000,0
48,F,N,4,Y,None,HSLC,Agriculture,8,7,Handicraft,8,12,No skill,0,0,No,Land,40000,9000,1
27,M,Y,4,Y,None,HSLC,Shop ,9,11,Agriculture,9,8,No skill,0,0,No,Land,9000,6000,1
69,F,Y,4,Y,Father,HSLC,Agriculture,9,20,Pig Farming,9,9,Bamboo plantation,8,8,No,Land,8000,8000,1
28,M,Y,3,Y,Brother,HS,Agriculture,9,8,Bamboo plantation,9,12,Agriculture,4,1.5,No,Land,14000,10000,1
42,M,Y,5,N,Son,HS,Agriculture,9,20,Beetlenut Plantation,9,5,Fishery,4,10,No,Land,14000,7000,0
34,M,Y,6,N,Husband,HSLC,Sericulture,9,15,Medical Plant,9,2,Beetlenut Plantation,6,1.5,No,"Land,pond",13000,8000,0
38,M,Y,3,Y,None,MCA,Agriculture,9,13,Business,8,15,No skill,0,0,No,Land,28000,5000,1
60,M,N,4,N,None,HS,Agriculture,9,15,Handicraft,9,18,No skill,0,0,No,Land,16000,6000,1
40,F,N,9,Y,Husband,HSLC,Agriculture,9,15,Fishery,9,25,No skill,0,0,Yes,Land,10000,10000,1
30,F,Y,4,Y,None,BA ,Agriculture,7,7,Pig Farming,8,9,No skill,0,0,No,Land,16000,30000,1
32,M,Y,2,Y,None,BA,Agriculture,9,10,Bamboo plantation,8,15,Fishery,4,1.5,No,Land,35000,10000,1
44,M,Y,4,Y,None,HSLC,Agriculture,9,3,Agriculture,9,7,Horticulture,4,14,No,Land,15000,15000,0
24,M,Y,4,Y,None,Class V,Agriculture,9,15,Business,9,15,Chicken Farming,4,9,No,Land,13000,9000,1
40,M,Y,3,N,None,HSLC,Agriculture,9,2,Handicraft,9,6,No skill,0,0,No,Land,56000,8000,0
37,M,Y,5,Y,Husband,Class VII,Pig Farming,8,8,Handicraft,6,7,No skill,0,0,No,Land,14000,13000,1
70,M,Y,3,Y,None,Class VII,Pig Farming,8,7,Bamboo plantation,9,25,Fishery,9,2,No,Land,15000,18000,1
28,M,Y,4,Y,Brother,HSLC,Strawberry Cultivation,9,15,Dairy Farm,8,12,Chicken Farming,9,7,No,Land,14000,9000,1
36,M,Y,3,N,None,BA,Agriculture,9,20,Agriculture,8,10,No skill,0,0,No,Land,11000,7000,0
45,M,Y,5,Y,None,Class VII,Agriculture,8,7,Agriculture,8,4,Horticulture,4,5,No,Land,12000,35000,1
36,M,Y,2,Y,None,HS,Agriculture,9,5,Beetlenut Plantation,9,9,Fishery,4,12,No,Land,30000,8000,0
48,M,Y,4,N,Father,MSc,Agriculture,9,15,Parmanent Labour,9,12,Agriculture,4,6,No,Land,55000,12000,1
54,M,Y,9,N,None,Class IX,Agriculture,9,5,Agriculture,8,3,Agriculture,4,5,No,Land,40000,13000,0
27,M,Y,3,Y,None,BA,Agriculture,9,7,Beetlenut Plantation,6,4,No skill,0,0,No,Land,15000,8000,1
27,M,Y,3,Y,None,PhD,Agriculture,9,12,Vegetable Vendor,8,8,Contractor,9,8,No,Land,13000,30000,1
28,M,Y,3,Y,None,HSLC,Agriculture,9,14,Vegetable Vendor,7,6,Bamboo plantation,9,7,No,No ownership,11000,8000,1
43,F,N,5,N,None,HSLC,Agriculture,9,18,Fishery,9,4,Chicken Farming,4,5,No,Land,20000,10000,0
44,M,Y,5,Y,None,HS,Agriculture,9,15,Beetlenut Plantation,6,7,No skill,0,0,No,Land,20000,9000,1
50,F,Y,7,Y,None,HS,Pig Farming,9,32,Business,8,4,No skill,0,0,No,Land ,15000,8000,1
32,M,Y,10,Y,None,HS,Agriculture,8,18,Beetlenut Plantation,8,9,No skill,0,0,Yes,Land,10000,5000,0
54,F,Y,4,Y,None,HSLC,Agriculture,9,2,Agriculture,8,9,No skill,0,0,No,Land,18000,7000,0
31,M,Y,7,Y,Father ,HSLC,Agriculture,9,8,Pig Farming,6,5,No skill,0,0,No,Land,56000,8000,1
45,F,Y,3,Y,None,Class IV,Agriculture,9,15,Agriculture,9,18,Pig Farming,4,12,No,Land,10000,30000,1
23,F,Y,4,Y,None,PhD,Agriculture,7,30,Agriculture,8,3,Pig Farming,8,15,No,No ownership,14500,5000,0
26,M,Y,3,N,None,Class VII,Agriculture,9,12,No skill,0,0,No skill,0,0,No,Land,16000,9000,0
28,M,Y,3,Y,None,HS,Agriculture,9,15,Bamboo plantation,8,12,No skill,0,0,No,"Land,pond",15000,25000,1
42,F,Y,3,Y,None,HS,Handicraft,9,3,Beetlenut Plantation,9,10,No skill,0,0,No,Land,13000,8000,0
39,M,Y,4,Y,None,HS,Agriculture,9,13,Beetlenut Plantation,9,5,Referee trainee for football,4,5,No,Land,20000,11000,1
50,F,Y,4,Y,None,MSc,Agriculture,9,25,Beetlenut Plantation,8,8,Fishery,6,9,Yes,Land,11000,9000,1
38,F,Y,4,Y,None,HSLC,Agriculture,9,18,Beetlenut Plantation,9,2,Agriculture,4,1.5,No,Land,10000,20000,1
40,M,N,3,Y,Mother ,MCA,Agriculture,8,11,Business,8,8,Chicken Farming,4,14,No,Land,14000,9000,1
57,M,Y,3,N,Son,HS,Beetlenut Plantation,9,5,Beetlenut Plantation,8,15,No skill,0,0,No,Land,16000,8000,0
39,M,Y,4,Y,None,HSLC,Agriculture,9,20,Beetlenut Plantation,8,9,No skill,0,0,No,"Land,machine",18000,8000,1
38,M,N,4,N,Brother,Class VII,Agriculture,6,3,E-Rickshaw,8,4,No skill,0,0,No,Land,10000,8000,0
52,M,Y,3,Y,None,BSc,Agriculture,0,12,Medical Plant,6,5,Fishery,9,3,No,Land,10000,13000,0
29,F,Y,3,N,None,Class IX,Agriculture,8,13,Pig Farming,9,25,No skill,0,0,No,Land,15000,8000,0
46,F,Y,7,N,None,HSLC,Agriculture,9,15,Chicken farming,6,12,No skill,0,0,No,No ownership,20000,15000,0
41,F,Y,3,Y,Son,Class IV,Agriculture,0,14,Beetlenut Plantation,8,12,Beetlenut Plantation,9,5,No,Land,15000,6000,0
54,M,Y,3,Y,Husband,HS,Agriculture,9,5,Handicraft,9,9,No skill,0,0,Yes,Land,15000,8000,0
69,M,Y,4,N,None,HS,Agriculture,9,20,Medical Plant,9,7,No skill,0,0,No,Land,13000,7000,0
44,M,N,7,Y,Father ,HSLC,Agriculture,6,3,Bamboo plantation,9,7,Pig Farming,4,1.5,No,Land,15000,8000,0
58,M,N,3,N,None,Class VI,Agriculture,9,12,Business,8,20,No skill,0,0,No,Land ,16000,12000,0
29,M,Y,9,N,Husband,HSLC,Agriculture,9,11,Vegetable Vendor,9,3,No skill,0,0,No,Land,16000,5000,0
28,M,Y,3,Y,None,HSLC,Agriculture,9,13,Business,9,10,Store of traditional dresses,9,6,No,"Land,machine",14500,30000,1
47,F,Y,4,Y,Son,MSc,Agriculture,9,15,Business,6,15,No skill,0,0,Yes,Land,18000,8000,1
38,M,Y,4,N,None,HS,Agriculture,9,13,Bamboo plantation,9,4,No skill,0,0,No,Land,35000,30000,0
38,F,Y,3,Y,None,MSc,Agriculture,9,30,Beetlenut Plantation,8,10,No skill,0,0,No,Land,13000,9000,1
41,M,N,3,N,None,Class VII,Agriculture,9,12,Bamboo plantation,8,15,Fishery,4,6,No,"Land,pond, machines",125000,11000,0
28,M,Y,4,Y,None,HS,Agriculture,7,20,Beetlenut Plantation,9,3,Fishery,4,5,No,Land,15000,8000,0
44,F,Y,9,N,None,Class VI,Beetlenut Plantation,9,38,Beetlenut Plantation,9,9,Contractor,6,10,No,Land,12000,8000,1
30,F,Y,2,Y,Husband,HSLC,Agriculture,8,3,Agriculture,7,5,No skill,0,0,No,Land,18000,6000,0
32,M,Y,4,N,Son,PhD,Agriculture,9,15,Beetlenut Plantation,9,4,No skill,0,0,No,Land,40000,7000,0
29,M,Y,3,N,Father,HSLC,Agriculture,9,2,Agriculture,9,9,No skill,0,0,No,Land,20000,9000,0
27,M,Y,6,Y,None,Class IX,Beetlenut Plantation,9,7,Business,8,6,Agriculture,8,1.5,No,Land,10000,9000,1
44,F,Y,3,N,None,HSLC,Agriculture,9,12,Business,9,8,Pig Farming,4,1.5,No,No ownership,10000,30000,0
50,M,Y,7,Y,None,HS,Agriculture,9,28,Fishery,7,15,No skill,0,0,No,Land,36000,20000,1
54,M,Y,2,Y,None,HSLC,Agriculture,8,32,Beetlenut Plantation,8,2,No skill,0,0,No,"Land,machine",12000,8000,0
40,F,Y,4,Y,Son,BSc,Agriculture,9,8,Business,7,30,No skill,0,0,No,Land,30000,18000,1
70,M,Y,4,N,None,HS,Agriculture,8,3,Business,5,8,Handicraft,7,3,No,Land,10000,6000,0
38,M,Y,2,Y,None,HS,Agriculture,9,12,Beetlenut Plantation,9,15,No skill,0,0,No,Land,36000,8000,1
27,M,Y,4,N,None,HS,Agriculture,9,20,Fishery,8,7,No skill,0,0,No,Land,15000,6000,0
29,M,Y,3,N,None,HSLC,Agriculture,9,18,Agriculture,9,8,Beetlenut Plantation,4,1.5,No,Land,14000,9000,0
30,F,Y,7,Y,None,HSLC,Agriculture,9,12,No skill,0,0,Horticulture,4,6,No,Land,14000,9000,1
67,F,N,4,N,None,HSLC,Agriculture,9,25,Business,8,12,Fishery,9,5,No,Land,8000,32000,0
24,M,Y,4,Y,Son,BA,Agriculture,9,10,Beetlenut Plantation,9,8,Chicken Farming,9,1.5,No,"Land,pond",10000,8000,1
38,F,Y,4,Y,None,HS,Agriculture,9,25,Beetlenut Plantation,6,6,No skill,0,0,No,"Land,pond",125000,6000,1
48,M,Y,2,Y,None,HS,Agriculture,9,13,Handicraft,7,6,No skill,0,0,No,Land,30000,9000,1
